Type,subType,Company,Title,Description,whenDate,pubDate,Location,link,entryDate
Internship,,Canyon Magnet Energy,"Intern, Magnet Design and Fabrication (EE)",,07/28/2025,"Mon, 7 Oct 2024 11:27:15 +0000",['Remote'],https://syr.joinhandshake.com/jobs/9252916/share_preview,2025-07-28 04:38:29.555110+00:00
Internship,,Canyon Magnet Energy,"Engineering Intern, Magnet Design and Assembly",,07/28/2025,"Fri, 30 Aug 2024 17:50:42 +0000",['Remote'],https://syr.joinhandshake.com/jobs/9254172/share_preview,2025-07-28 04:38:29.555263+00:00
Internship,,Brock Solutions US Inc.,Software Developer Intern,,07/28/2025,"Tue, 28 Jan 2025 20:54:18 +0000",['Unknown'],https://syr.joinhandshake.com/jobs/9630564/share_preview,2025-07-28 04:38:29.555365+00:00
Internship,,"New England Infrastructure, Inc.",Fall 2025 - Construction Estimating Intern,,07/28/2025,"Tue, 28 Jan 2025 15:43:35 +0000",['Unknown'],https://syr.joinhandshake.com/jobs/9628352/share_preview,2025-07-28 04:38:29.555526+00:00
Internship,,Terracon,Materials Intern,,07/28/2025,"Tue, 28 Jan 2025 20:56:55 +0000",['Unknown'],https://syr.joinhandshake.com/jobs/9630610/share_preview,2025-07-28 04:38:29.555624+00:00
Internship,,Terracon,Construction Materials Intern,,07/28/2025,"Tue, 28 Jan 2025 20:54:21 +0000",['Unknown'],https://syr.joinhandshake.com/jobs/9630572/share_preview,2025-07-28 04:38:29.555715+00:00
Internship,,Texas Instruments Inc.,Product Marketing Engineering Intern,,07/29/2025,"Wed, 29 Jan 2025 20:09:13 +0000",['Unknown'],https://syr.joinhandshake.com/jobs/9634298/share_preview,2025-07-28 04:38:29.555882+00:00
Internship,,IMSA,SITE Intern,,07/29/2025,"Wed, 29 Jan 2025 20:13:44 +0000",['Unknown'],https://syr.joinhandshake.com/jobs/9634346/share_preview,2025-07-28 04:38:29.556068+00:00
Internship,,Massachusetts Bay Transportation Authority,Senior Vehicle Engineering Intern (Grad Students Only),,07/30/2025,"Thu, 17 Jul 2025 14:15:41 +0000",['Unknown'],https://syr.joinhandshake.com/jobs/10064318/share_preview,2025-07-28 04:38:29.556259+00:00
Internship,,Massachusetts Bay Transportation Authority,Infrastructure Planning Intern (Undergrad Students),,07/30/2025,"Thu, 17 Jul 2025 14:58:21 +0000",['Unknown'],https://syr.joinhandshake.com/jobs/10064541/share_preview,2025-07-28 04:38:29.556472+00:00
Internship,,State of Connecticut Executive Branch,Roadway Information Systems Seasonal Worker,,07/30/2025,"Thu, 30 Jan 2025 14:16:23 +0000",['Unknown'],https://syr.joinhandshake.com/jobs/9636365/share_preview,2025-07-28 04:38:29.559604+00:00
Internship,,Commonwealth of Pennsylvania,Commonwealth Public Service Intern,,07/30/2025,"Thu, 17 Jul 2025 15:15:28 +0000",['Unknown'],https://syr.joinhandshake.com/jobs/10064627/share_preview,2025-07-28 04:38:29.559827+00:00
Internship,,Massachusetts Bay Transportation Authority,Asset Management Intern,,07/30/2025,"Thu, 17 Jul 2025 16:00:39 +0000",['Unknown'],https://syr.joinhandshake.com/jobs/10064879/share_preview,2025-07-28 04:38:29.560060+00:00
Internship,,Canyon Magnet Energy,Magnetic Simulations and Multiphysics Modeling Internship,,07/30/2025,"Mon, 30 Sep 2024 12:38:57 +0000",['Remote'],https://syr.joinhandshake.com/jobs/9344710/share_preview,2025-07-28 04:38:29.560183+00:00
Internship,,PROJXON,AI Specialist,,07/30/2025,"Thu, 3 Jul 2025 20:11:51 +0000",['Remote'],https://syr.joinhandshake.com/jobs/10036923/share_preview,2025-07-28 04:38:29.560983+00:00
Internship,,Power Device Corporation,Intern-Engineering,,07/31/2025,"Fri, 31 Jan 2025 16:22:57 +0000",['Unknown'],https://syr.joinhandshake.com/jobs/9641685/share_preview,2025-07-28 04:38:29.561166+00:00
Internship,,"Technical Consulting and Research, Inc.",Educational Evaluation Specialist Internship,,07/31/2025,"Fri, 31 Jan 2025 19:12:01 +0000",['Unknown'],https://syr.joinhandshake.com/jobs/9642957/share_preview,2025-07-28 04:38:29.561352+00:00
Internship,,"KCI Technologies, Inc.",Building Structures Engineering Intern,,07/31/2025,"Mon, 7 Jul 2025 18:57:59 +0000",['Unknown'],https://syr.joinhandshake.com/jobs/10040157/share_preview,2025-07-28 04:38:29.561520+00:00
Internship,,Marquardt Switches,Advanced Quality Engineer Intern,,07/31/2025,"Fri, 31 Jan 2025 21:05:53 +0000",['Unknown'],https://syr.joinhandshake.com/jobs/9643750/share_preview,2025-07-28 04:38:29.561629+00:00
Internship,,U.S. Navy,U.S. Navy Nuclear Engineering Student Program,,07/31/2025,"Wed, 25 Jun 2025 20:22:44 +0000",['Unknown'],https://syr.joinhandshake.com/jobs/10019486/share_preview,2025-07-28 04:38:29.561729+00:00
Internship,,Momentive Performance Materials,Join our Research Intern Talent Community!,,07/31/2025,"Tue, 10 Jun 2025 18:23:04 +0000",['Unknown'],https://syr.joinhandshake.com/jobs/9987174/share_preview,2025-07-28 04:38:29.561936+00:00
Internship,,Schneider Electric,Fall 2025 Business Intelligence Analyst Co-Op,,07/31/2025,"Fri, 16 May 2025 13:48:21 +0000",['Unknown'],https://syr.joinhandshake.com/jobs/9938387/share_preview,2025-07-28 04:38:29.562018+00:00
Internship,,Tesla,"Internship, Technical Editor, Service Engineering (Fall 2025)",,07/31/2025,"Wed, 21 May 2025 18:00:12 +0000",['Unknown'],https://syr.joinhandshake.com/jobs/9948541/share_preview,2025-07-28 04:38:29.562157+00:00
Internship,,Tesla,"Internship, Technical Editor, Service Engineering (Fall 2025)",,07/31/2025,"Wed, 21 May 2025 17:58:40 +0000",['Unknown'],https://syr.joinhandshake.com/jobs/9948543/share_preview,2025-07-28 04:38:29.562290+00:00
Internship,,dsm-firmenich,Production Intern,,07/31/2025,"Fri, 31 Jan 2025 23:44:28 +0000",['Unknown'],https://syr.joinhandshake.com/jobs/9644513/share_preview,2025-07-28 04:38:29.562469+00:00
Internship,,dsm-firmenich,Continuous Improvement Intern,,07/31/2025,"Fri, 31 Jan 2025 23:39:20 +0000",['Unknown'],https://syr.joinhandshake.com/jobs/9644499/share_preview,2025-07-28 04:38:29.562671+00:00
Internship,,TechCongress,Communications Intern (Fall 2025),,07/31/2025,"Wed, 16 Jul 2025 20:47:51 +0000",['Unknown'],https://syr.joinhandshake.com/jobs/10063102/share_preview,2025-07-28 04:38:29.563028+00:00
Internship,,Advanced Energy,Intern or Postdoctoral Engineer,,08/01/2025,"Fri, 17 Jan 2025 22:06:09 +0000",['Unknown'],https://syr.joinhandshake.com/jobs/9602801/share_preview,2025-07-28 04:38:29.563543+00:00
Internship,,Advanced Solar Products Inc,Chemical Engineer Intern/Intern for Special Renewable Energy Research,,08/01/2025,"Tue, 1 Apr 2025 18:52:27 +0000",['Unknown'],https://syr.joinhandshake.com/jobs/9818720/share_preview,2025-07-28 04:38:29.563591+00:00
Internship,,"Hitachi America, Ltd.","Research Science Intern, Financial Innovation Lab",,08/01/2025,"Wed, 19 Mar 2025 20:45:30 +0000","['Santa Clara, CA']",https://syr.joinhandshake.com/jobs/9783534/share_preview,2025-07-28 04:38:29.565871+00:00
Internship,,D.A. Collins Companies - Kubricky Construction Corp.,Field Engineer Internship,,08/01/2025,"Tue, 3 Sep 2024 15:27:01 +0000",['Unknown'],https://syr.joinhandshake.com/jobs/9258427/share_preview,2025-07-28 04:38:29.565989+00:00
Internship,,Bosch,Mechanical CAD Design Engineer Intern,,08/01/2025,"Thu, 12 Jun 2025 18:31:16 +0000",['Unknown'],https://syr.joinhandshake.com/jobs/9993097/share_preview,2025-07-28 04:38:29.566092+00:00
Internship,,Dutchess County Government - Department of Health,Public Health Innovation Lab (Dutchess County DOH),,08/01/2025,"Tue, 12 Nov 2024 14:30:39 +0000",['Unknown'],https://syr.joinhandshake.com/jobs/9452127/share_preview,2025-07-28 04:38:29.566179+00:00
Internship,,Huffines Communities,Real Estate Development Intern - Fall 2025,,08/01/2025,"Wed, 16 Jul 2025 18:45:29 +0000",['Unknown'],https://syr.joinhandshake.com/jobs/10062448/share_preview,2025-07-28 04:38:29.566265+00:00
Internship,,Rheem Manufacturing,Product Management Intern or Co-Op,,08/01/2025,"Fri, 27 Jun 2025 16:49:46 +0000",['Hybrid'],https://syr.joinhandshake.com/jobs/10024074/share_preview,2025-07-28 04:38:29.566319+00:00
Internship,,TYLin,Intern Aviation Engineering Designer,,08/01/2025,"Fri, 20 Jun 2025 15:23:50 +0000",['Unknown'],https://syr.joinhandshake.com/jobs/10010061/share_preview,2025-07-28 04:38:29.566474+00:00
Internship,,Research!America,Advocacy and Policy Internship (Paid),,08/02/2025,"Mon, 21 Jul 2025 20:42:23 +0000",['Hybrid'],https://syr.joinhandshake.com/jobs/10073222/share_preview,2025-07-28 04:38:29.566595+00:00
Internship,,ConnectiveRx,IT Infrastructure Intern,,08/03/2025,"Mon, 3 Feb 2025 14:36:47 +0000",['Unknown'],https://syr.joinhandshake.com/jobs/9646087/share_preview,2025-07-28 04:38:29.566682+00:00
Internship,,Waters Corporation,"Intern, IT Manufacturing Systems Engineer",,08/03/2025,"Mon, 3 Feb 2025 19:44:45 +0000",['Unknown'],https://syr.joinhandshake.com/jobs/9648142/share_preview,2025-07-28 04:38:29.566865+00:00
Internship,,"Nexus Engineering Group, LLC",Civil / Structural Engineer Intern or Co-op (Fall 2025),,08/03/2025,"Mon, 3 Feb 2025 19:08:28 +0000",['Unknown'],https://syr.joinhandshake.com/jobs/9647941/share_preview,2025-07-28 04:38:29.566974+00:00
Internship,,"TranSystems, Corp.",Engineer Intern,,08/03/2025,"Mon, 3 Feb 2025 21:15:51 +0000",['Unknown'],https://syr.joinhandshake.com/jobs/9648728/share_preview,2025-07-28 04:38:29.567182+00:00
Internship,,"Church & Dwight Co., Inc.",Undergraduate Packaging Engineer Co-Op,,08/04/2025,"Tue, 4 Feb 2025 14:24:22 +0000","['Hybrid', 'Princeton, NJ']",https://syr.joinhandshake.com/jobs/9650752/share_preview,2025-07-28 04:38:29.568175+00:00
Internship,,Radiance Technologies,Hardware Engineer intern (Master's or PhD level summer internship),,08/04/2025,"Tue, 4 Feb 2025 22:06:08 +0000",['Unknown'],https://syr.joinhandshake.com/jobs/9654063/share_preview,2025-07-28 04:38:29.568238+00:00
Internship,,Manna Project International,Environment and Sustainability Intern,,08/04/2025,"Tue, 4 Feb 2025 21:12:55 +0000",['Unknown'],https://syr.joinhandshake.com/jobs/9653662/share_preview,2025-07-28 04:38:29.571227+00:00
Internship,,equitar,"Engineering Intern, Systems Engineering",,08/04/2025,"Wed, 4 Sep 2024 23:46:56 +0000",['Unknown'],https://syr.joinhandshake.com/jobs/9267407/share_preview,2025-07-28 04:38:29.571419+00:00
Internship,,CDM Smith,"Environmental, Water Resources, or Civil Engineering Intern",,08/04/2025,"Tue, 4 Feb 2025 16:50:28 +0000",['Unknown'],https://syr.joinhandshake.com/jobs/9651686/share_preview,2025-07-28 04:38:29.571459+00:00
Internship,,Oak Ridge Institute for Science and Education - Department of Defense,Modeling and Simulation Engineer - Internship,,08/05/2025,"Wed, 5 Feb 2025 15:06:01 +0000",['Unknown'],https://syr.joinhandshake.com/jobs/9655495/share_preview,2025-07-28 04:38:29.571831+00:00
Internship,,Oak Ridge Institute for Science and Education - Department of Defense,Laser Research - Internship,,08/05/2025,"Wed, 5 Feb 2025 15:05:12 +0000",['Unknown'],https://syr.joinhandshake.com/jobs/9655476/share_preview,2025-07-28 04:38:29.572218+00:00
Internship,,Oak Ridge Institute for Science and Education - Department of Defense,Laser Optical Engineer - Internship,,08/05/2025,"Wed, 5 Feb 2025 14:49:00 +0000",['Unknown'],https://syr.joinhandshake.com/jobs/9655388/share_preview,2025-07-28 04:38:29.572613+00:00
Internship,,Norfolk Southern,Summer 2025 - Intern - Central Region - Field Supervisor Transportation,,08/05/2025,"Wed, 5 Feb 2025 20:23:24 +0000",['Unknown'],https://syr.joinhandshake.com/jobs/9657593/share_preview,2025-07-28 04:38:29.572784+00:00
Internship,,Norfolk Southern,Summer 2025 - Intern - Southern Region - Field Supervisor Transportation,,08/05/2025,"Wed, 5 Feb 2025 20:15:34 +0000",['Unknown'],https://syr.joinhandshake.com/jobs/9657569/share_preview,2025-07-28 04:38:29.572932+00:00
Internship,,ResMed,Software Test Engineering Intern,,08/05/2025,"Thu, 6 Feb 2025 00:12:11 +0000",['Unknown'],https://syr.joinhandshake.com/jobs/9658955/share_preview,2025-07-28 04:38:29.573109+00:00
Internship,,ResMed,Associate Platform Engineering Intern,,08/05/2025,"Thu, 6 Feb 2025 00:18:12 +0000","['Remote', 'Hybrid']",https://syr.joinhandshake.com/jobs/9658988/share_preview,2025-07-28 04:38:29.573196+00:00
Internship,,ResMed,Android Developer Intern,,08/05/2025,"Wed, 5 Feb 2025 23:56:00 +0000",['Unknown'],https://syr.joinhandshake.com/jobs/9658918/share_preview,2025-07-28 04:38:29.573353+00:00
Internship,,Waters Corporation,"Intern, Applications Testing, R&D",,08/06/2025,"Thu, 6 Feb 2025 19:42:40 +0000",['Unknown'],https://syr.joinhandshake.com/jobs/9661680/share_preview,2025-07-28 04:38:29.573563+00:00
Internship,,Balchem Corporation,Engineering Intern,,08/06/2025,"Thu, 6 Feb 2025 14:44:18 +0000",['Unknown'],https://syr.joinhandshake.com/jobs/9659640/share_preview,2025-07-28 04:38:29.573743+00:00
Internship,,NIO,"Internship, AI Large Language Model (LLM)",,08/06/2025,"Fri, 7 Feb 2025 00:46:50 +0000",['Unknown'],https://syr.joinhandshake.com/jobs/9663179/share_preview,2025-07-28 04:38:29.573936+00:00
Internship,,Mueser Rutledge Consulting Engineers,Structural and Geotechnical Engineering Intern,,08/07/2025,"Thu, 8 Aug 2024 18:50:29 +0000",['Unknown'],https://syr.joinhandshake.com/jobs/9181981/share_preview,2025-07-28 04:38:29.574361+00:00
Internship,,"Littelfuse, Inc.",Semiconductor Engineering and Technical Writer Intern,,08/07/2025,"Fri, 7 Feb 2025 21:03:37 +0000",['Unknown'],https://syr.joinhandshake.com/jobs/9666809/share_preview,2025-07-28 04:38:29.574514+00:00
Internship,,"Littelfuse, Inc.",Quality Intern,,08/07/2025,"Fri, 7 Feb 2025 20:50:15 +0000",['Unknown'],https://syr.joinhandshake.com/jobs/9666708/share_preview,2025-07-28 04:38:29.574660+00:00
Internship,,SkyIT,Frontend Development Internship (FULL-TIME REMOTE),,08/07/2025,"Fri, 7 Feb 2025 21:42:14 +0000",['Remote'],https://syr.joinhandshake.com/jobs/9667067/share_preview,2025-07-28 04:38:29.574769+00:00
Internship,,SkyIT,Backend Development Internship (Express),,08/07/2025,"Fri, 7 Feb 2025 21:46:35 +0000",['Remote'],https://syr.joinhandshake.com/jobs/9667102/share_preview,2025-07-28 04:38:29.574891+00:00
Internship,,Amazon - Amazon Web Services,Sr. Hardware Commodity Manager Intern (Procurement),,08/07/2025,"Fri, 7 Feb 2025 16:07:14 +0000",['Unknown'],https://syr.joinhandshake.com/jobs/9664798/share_preview,2025-07-28 04:38:29.575131+00:00
Internship,,Miami-Dade County,Paid Internship Opportunities,,08/09/2025,"Thu, 17 Jul 2025 13:59:18 +0000",['Unknown'],https://syr.joinhandshake.com/jobs/10064249/share_preview,2025-07-28 04:38:29.575201+00:00
Internship,,Langan Engineering and Environmental Services,Geotechnical Engineering Intern or Co-op - Fall 2025 (47890),,08/09/2025,"Mon, 9 Jun 2025 14:15:46 +0000",['Unknown'],https://syr.joinhandshake.com/jobs/9983009/share_preview,2025-07-28 04:38:29.575430+00:00
Internship,,Southern Company,Data Analyst,,08/09/2025,"Fri, 25 Jul 2025 13:33:46 +0000",['Unknown'],https://syr.joinhandshake.com/jobs/10084792/share_preview,2025-07-28 04:38:29.575550+00:00
Internship,,Oak Ridge Institute for Science and Education,Doctoral Research Fellowship,,08/11/2025,"Tue, 11 Feb 2025 14:38:33 +0000",['Unknown'],https://syr.joinhandshake.com/jobs/9672931/share_preview,2025-07-28 04:38:29.575883+00:00
Internship,,Oak Ridge Institute for Science and Education,Postdoctoral Fellowship in Nuclear Science,,08/11/2025,"Tue, 11 Feb 2025 17:01:49 +0000",['Unknown'],https://syr.joinhandshake.com/jobs/9673916/share_preview,2025-07-28 04:38:29.576238+00:00
Internship,,Oak Ridge Institute for Science and Education,Summer 2025 AFIT Engineering and Physics Research Internship,,08/11/2025,"Tue, 11 Feb 2025 18:24:58 +0000",['Unknown'],https://syr.joinhandshake.com/jobs/9674513/share_preview,2025-07-28 04:38:29.576541+00:00
Internship,,"The City of Lynchburg, Virginia",Civil Engineering Internship,,08/11/2025,"Tue, 11 Feb 2025 15:14:16 +0000",['Unknown'],https://syr.joinhandshake.com/jobs/9673159/share_preview,2025-07-28 04:38:29.576617+00:00
Internship,,Stantec,Civil Engineering Intern (Summer 2025),,08/11/2025,"Fri, 28 Feb 2025 17:28:57 +0000",['Unknown'],https://syr.joinhandshake.com/jobs/9676459/share_preview,2025-07-28 04:38:29.576777+00:00
Internship,,Carollo Engineers,Civil/Environmental Engineering Intern,,08/11/2025,"Thu, 10 Jul 2025 13:49:46 +0000",['Unknown'],https://syr.joinhandshake.com/jobs/10048051/share_preview,2025-07-28 04:38:29.576886+00:00
Internship,,M.C. Dean,Engineering Internship Program - Summer 2025,,08/12/2025,"Wed, 12 Feb 2025 15:06:43 +0000",['Unknown'],https://syr.joinhandshake.com/jobs/9677465/share_preview,2025-07-28 04:38:29.577044+00:00
Internship,,Marvin,Process Engineer Intern,,08/12/2025,"Wed, 2 Jul 2025 16:59:52 +0000",['Unknown'],https://syr.joinhandshake.com/jobs/10033364/share_preview,2025-07-28 04:38:29.577119+00:00
Internship,,Vertiv,Cooling Customer Engineer Intern,,08/12/2025,"Wed, 12 Feb 2025 20:38:36 +0000",['Unknown'],https://syr.joinhandshake.com/jobs/9679916/share_preview,2025-07-28 04:38:29.577463+00:00
Internship,,Stantec,Water Intern (Summer 2025),,08/12/2025,"Wed, 12 Feb 2025 14:01:53 +0000",['Unknown'],https://syr.joinhandshake.com/jobs/9677276/share_preview,2025-07-28 04:38:29.577694+00:00
Internship,,Environmental Science Associates,Environmental Internship - Summer 2025,,08/12/2025,"Tue, 4 Feb 2025 18:49:23 +0000","['Remote', 'Hybrid']",https://syr.joinhandshake.com/jobs/9652544/share_preview,2025-07-28 04:38:29.577848+00:00
Internship,,Environmental Science Associates,Florida Environmental Internship (Summer 2025),,08/12/2025,"Tue, 4 Feb 2025 18:58:17 +0000","['Remote', 'Hybrid']",https://syr.joinhandshake.com/jobs/9652626/share_preview,2025-07-28 04:38:29.578034+00:00
Internship,,Brose,Project Engineering Intern (Year-Round),,08/13/2025,"Thu, 13 Feb 2025 17:26:06 +0000",['Remote'],https://syr.joinhandshake.com/jobs/9682506/share_preview,2025-07-28 04:38:29.578098+00:00
Internship,,Oak Ridge Institute for Science and Education,Summer 2025 AFIT Center for Directed Energy Internship,,08/13/2025,"Thu, 13 Feb 2025 13:52:22 +0000",['Unknown'],https://syr.joinhandshake.com/jobs/9681368/share_preview,2025-07-28 04:38:29.578372+00:00
Internship,,"Analytical Mechanics Associates, Inc",Materials and Chemical Engineering Intern,,08/13/2025,"Thu, 13 Feb 2025 22:43:41 +0000",['Unknown'],https://syr.joinhandshake.com/jobs/9684636/share_preview,2025-07-28 04:38:29.578541+00:00
Internship,,"Woolpert, Inc.",Architecture Intern - Summer 2025,,08/14/2025,"Fri, 14 Feb 2025 21:29:19 +0000",['Unknown'],https://syr.joinhandshake.com/jobs/9688063/share_preview,2025-07-28 04:38:29.578721+00:00
Internship,,"Woolpert, Inc.",Aviation Design Intern,,08/14/2025,"Fri, 14 Feb 2025 21:40:33 +0000",['Unknown'],https://syr.joinhandshake.com/jobs/9688134/share_preview,2025-07-28 04:38:29.578925+00:00
Internship,,"Consigli Construction Co., Inc.",Field Operations Fall 2025 Co-Op-USVI/J. Benton/Consigli,,08/15/2025,"Mon, 23 Jun 2025 19:11:49 +0000",['Unknown'],https://syr.joinhandshake.com/jobs/10013488/share_preview,2025-07-28 04:38:29.579056+00:00
Internship,,CaptiveAire Systems,Technical Sales Engineering Internship,,08/15/2025,"Wed, 18 Jun 2025 21:16:51 +0000","['Remote', 'Hybrid']",https://syr.joinhandshake.com/jobs/10007072/share_preview,2025-07-28 04:38:29.579145+00:00
Internship,,STORD,Continuous Improvement Engineer Intern,,08/15/2025,"Sat, 15 Feb 2025 22:26:33 +0000",['Unknown'],https://syr.joinhandshake.com/jobs/9688910/share_preview,2025-07-28 04:38:29.579346+00:00
Internship,,Swing Phi,Software Engineer Intern (Backend),,08/15/2025,"Sun, 16 Feb 2025 03:36:08 +0000",['Unknown'],https://syr.joinhandshake.com/jobs/9688955/share_preview,2025-07-28 04:38:29.579440+00:00
Internship,,"Vaspian, LLC",Fall 2025 Internship,,08/15/2025,"Mon, 21 Jul 2025 18:08:56 +0000",['Hybrid'],https://syr.joinhandshake.com/jobs/10072209/share_preview,2025-07-28 04:38:29.579593+00:00
Internship,,ESG Real Estate Laboratory,ModeScore-ESGreLab Fall Internship,,08/15/2025,"Sat, 12 Jul 2025 10:07:29 +0000",['Remote'],https://syr.joinhandshake.com/jobs/10053372/share_preview,2025-07-28 04:38:29.583077+00:00
Internship,,VMC Group - IBC and Wire Rope,Mechanical Engineering Intern,,08/17/2025,"Mon, 17 Feb 2025 14:29:43 +0000",['Unknown'],https://syr.joinhandshake.com/jobs/9689558/share_preview,2025-07-28 04:38:29.583177+00:00
Internship,,Vertiv,Technical Sales Internship (Summer 2025),,08/18/2025,"Tue, 18 Feb 2025 18:15:58 +0000",['Unknown'],https://syr.joinhandshake.com/jobs/9693335/share_preview,2025-07-28 04:38:29.583346+00:00
Internship,,Oak Ridge Institute for Science and Education,USAISR Engineering / Computer Science Internship,,08/18/2025,"Tue, 18 Feb 2025 18:50:54 +0000",['Unknown'],https://syr.joinhandshake.com/jobs/9693560/share_preview,2025-07-28 04:38:29.583657+00:00
Internship,,"New England Infrastructure, Inc.",Fall 2025 - Construction Field Engineer Intern,,08/18/2025,"Tue, 18 Feb 2025 12:43:44 +0000",['Unknown'],https://syr.joinhandshake.com/jobs/9691840/share_preview,2025-07-28 04:38:29.583787+00:00
Internship,,"New England Infrastructure, Inc.",Fall 2025 - Construction Project Manager Intern,,08/18/2025,"Tue, 18 Feb 2025 12:51:47 +0000",['Unknown'],https://syr.joinhandshake.com/jobs/9691842/share_preview,2025-07-28 04:38:29.583938+00:00
Internship,,Bosch,Purchasing Intern,,08/18/2025,"Thu, 26 Jun 2025 16:56:59 +0000",['Unknown'],https://syr.joinhandshake.com/jobs/10021520/share_preview,2025-07-28 04:38:29.584084+00:00
Internship,,"ICR, Inc.",Cyber Engineering Intern,,08/18/2025,"Tue, 18 Feb 2025 22:01:06 +0000",['Unknown'],https://syr.joinhandshake.com/jobs/9695113/share_preview,2025-07-28 04:38:29.584150+00:00
Internship,,"Brewer Science, Inc.",Electronics Specialist Intern,,08/18/2025,"Tue, 18 Feb 2025 20:45:09 +0000",['Unknown'],https://syr.joinhandshake.com/jobs/9694398/share_preview,2025-07-28 04:38:29.584250+00:00
Internship,,"Littelfuse, Inc.",Quality Assurance and Reliability Intern,,08/19/2025,"Wed, 19 Feb 2025 18:58:37 +0000",['Unknown'],https://syr.joinhandshake.com/jobs/9697829/share_preview,2025-07-28 04:38:29.584390+00:00
Internship,,IMRA America,Summer Laser Manufacturing Intern,,08/19/2025,"Wed, 19 Feb 2025 16:28:08 +0000",['Unknown'],https://syr.joinhandshake.com/jobs/9696851/share_preview,2025-07-28 04:38:29.584438+00:00
Internship,,Sazerac Company,Leadership Development Professional - Manufacturing,,08/19/2025,"Wed, 19 Feb 2025 16:47:33 +0000",['Unknown'],https://syr.joinhandshake.com/jobs/9696988/share_preview,2025-07-28 04:38:29.584513+00:00
Internship,,Oak Ridge Institute for Science and Education - Department of Defense,Combat Casualty Care & Operational Medicine - Postdoctoral Research Fellowship,,08/19/2025,"Wed, 19 Feb 2025 17:40:05 +0000",['Unknown'],https://syr.joinhandshake.com/jobs/9697320/share_preview,2025-07-28 04:38:29.584912+00:00
Internship,,"Littelfuse, Inc.",Fuse Technology Engineering Intern,,08/19/2025,"Wed, 19 Feb 2025 18:49:50 +0000",['Unknown'],https://syr.joinhandshake.com/jobs/9697775/share_preview,2025-07-28 04:38:29.585095+00:00
Internship,,Tolka AI Therapeutics,Research Associate Intern,,08/19/2025,"Tue, 8 Jul 2025 22:16:54 +0000",['Unknown'],https://syr.joinhandshake.com/jobs/9216616/share_preview,2025-07-28 04:38:29.587064+00:00
Internship,,Oak Ridge Institute for Science and Education,Summer 2025 Injury Biomechanics Research Internship,,08/20/2025,"Thu, 20 Feb 2025 17:00:15 +0000",['Unknown'],https://syr.joinhandshake.com/jobs/9701060/share_preview,2025-07-28 04:38:29.587258+00:00
Internship,,Parker Hannifin Corporation,Engineering Internship Program - Manufacturing Engineer,,08/20/2025,"Thu, 20 Feb 2025 19:13:21 +0000",['Unknown'],https://syr.joinhandshake.com/jobs/9702029/share_preview,2025-07-28 04:38:29.587407+00:00
Internship,,Parker Hannifin Corporation,Design Engineering Summer Internship,,08/20/2025,"Thu, 20 Feb 2025 18:59:19 +0000",['Unknown'],https://syr.joinhandshake.com/jobs/9701929/share_preview,2025-07-28 04:38:29.587549+00:00
Internship,,Burns & McDonnell,Express Interest in a Summer 2026 Electrical Engineering Internship,,08/21/2025,"Tue, 17 Jun 2025 13:17:05 +0000",['Unknown'],https://syr.joinhandshake.com/jobs/10000068/share_preview,2025-07-28 04:38:29.587664+00:00
Internship,,Castalia,Intern: Economic and Financial Research,,08/21/2025,"Fri, 25 Jul 2025 03:25:02 +0000",['Unknown'],https://syr.joinhandshake.com/jobs/10084420/share_preview,2025-07-28 04:38:29.588404+00:00
Internship,,Burns & McDonnell,Express Interest in a Summer 2026 Civil Engineering Internship,,08/22/2025,"Tue, 17 Jun 2025 13:37:32 +0000",['Unknown'],https://syr.joinhandshake.com/jobs/10000125/share_preview,2025-07-28 04:38:29.588528+00:00
Internship,,Burns & McDonnell,Express Interest in a Summer 2026 Structural Engineering Internship,,08/22/2025,"Tue, 17 Jun 2025 13:28:20 +0000",['Unknown'],https://syr.joinhandshake.com/jobs/10000095/share_preview,2025-07-28 04:38:29.588644+00:00
Internship,,Midea - Midea America Research Center,Fall 2025 Software Engineering Intern,,08/22/2025,"Wed, 18 Jun 2025 17:07:28 +0000",['Unknown'],https://syr.joinhandshake.com/jobs/10005789/share_preview,2025-07-28 04:38:29.588794+00:00
Internship,,DGL Consulting Engineers,Civil Engineering Co-Op,,08/22/2025,"Fri, 23 May 2025 19:22:26 +0000",['Unknown'],https://syr.joinhandshake.com/jobs/9954389/share_preview,2025-07-28 04:38:29.588881+00:00
Internship,,CDMG,Electrical Engineer Intern,,08/22/2025,"Sat, 22 Feb 2025 15:38:25 +0000",['Unknown'],https://syr.joinhandshake.com/jobs/9707898/share_preview,2025-07-28 04:38:29.588914+00:00
Internship,,DGL Consulting Engineers,Construction Inspection Co-Op,,08/22/2025,"Fri, 23 May 2025 19:17:35 +0000",['Unknown'],https://syr.joinhandshake.com/jobs/9954378/share_preview,2025-07-28 04:38:29.589029+00:00
Internship,,"Consigli Construction Co., Inc.",Arch Energy Fall 2025 Co-Op - MA,,08/22/2025,"Mon, 23 Jun 2025 19:35:27 +0000",['Unknown'],https://syr.joinhandshake.com/jobs/10013571/share_preview,2025-07-28 04:38:29.589155+00:00
Internship,,DGL Consulting Engineers,Land Survey Co-Op,,08/22/2025,"Fri, 23 May 2025 19:21:36 +0000",['Unknown'],https://syr.joinhandshake.com/jobs/9954394/share_preview,2025-07-28 04:38:29.589292+00:00
Internship,,The Bell Company,Project Engineer Intern - SC and NC,,08/22/2025,"Wed, 30 Apr 2025 14:51:22 +0000",['Unknown'],https://syr.joinhandshake.com/jobs/9612886/share_preview,2025-07-28 04:38:29.589456+00:00
Internship,,Aurganics Skincare,SEO & Brand Copywriting Intern (Fall),,08/22/2025,"Sat, 19 Jul 2025 21:42:36 +0000",['Unknown'],https://syr.joinhandshake.com/jobs/10069969/share_preview,2025-07-28 04:38:29.590079+00:00
Internship,,Event Options,Summer 2025- E-commerce Product Data Management Intern,,08/22/2025,"Wed, 7 May 2025 21:11:16 +0000",['Unknown'],https://syr.joinhandshake.com/jobs/9915692/share_preview,2025-07-28 04:38:29.590278+00:00
Internship,,Men's Health Network,Community Health Intern,,08/22/2025,"Mon, 30 Jun 2025 11:33:16 +0000",['Unknown'],https://syr.joinhandshake.com/jobs/10025971/share_preview,2025-07-28 04:38:29.590663+00:00
Internship,,Environmental Solutions Group,Mechanical Engineering Intern,,08/24/2025,"Mon, 24 Feb 2025 18:40:46 +0000","['Fort Payne, AL']",https://syr.joinhandshake.com/jobs/9710194/share_preview,2025-07-28 04:38:29.592045+00:00
Internship,,Widseth,Civil Engineering Intern,,08/24/2025,"Mon, 24 Feb 2025 20:15:23 +0000",['Unknown'],https://syr.joinhandshake.com/jobs/9710927/share_preview,2025-07-28 04:38:29.592157+00:00
Internship,,John Deere,"Part Time Student - Manufacturing Engineer - Dubuque, IA",,08/25/2025,"Tue, 25 Feb 2025 16:10:08 +0000","['Remote', 'located in Dubuque, IA']",https://syr.joinhandshake.com/jobs/9713430/share_preview,2025-07-28 04:38:29.593731+00:00
Internship,,"Consigli Construction Co., Inc.","Project Management Fall 2025 Co-Op - Pleasant Valley, NY",,08/25/2025,"Mon, 5 May 2025 13:31:29 +0000",['Unknown'],https://syr.joinhandshake.com/jobs/9906220/share_preview,2025-07-28 04:38:29.593868+00:00
Internship,,DENSO,Fall 2025 Co-op & Internship Opportunities,,08/25/2025,"Wed, 4 Jun 2025 15:49:45 +0000",['Unknown'],https://syr.joinhandshake.com/jobs/9974384/share_preview,2025-07-28 04:38:29.594227+00:00
Internship,,LP Building Solutions,Safety Intern,,08/25/2025,"Tue, 25 Feb 2025 14:56:49 +0000",['Unknown'],https://syr.joinhandshake.com/jobs/9712965/share_preview,2025-07-28 04:38:29.594389+00:00
Internship,,Isla Internships Abroad,"Engineering: Professional, Academic, and Cultural Experience included!",,08/27/2025,"Thu, 27 Feb 2025 17:51:32 +0000",['Unknown'],https://syr.joinhandshake.com/jobs/9722486/share_preview,2025-07-28 04:38:29.594774+00:00
Internship,,Marvell Technology,Packaging Engineeer Intern - Masters(2401873),,08/27/2025,"Thu, 27 Feb 2025 18:51:31 +0000",['Unknown'],https://syr.joinhandshake.com/jobs/9722833/share_preview,2025-07-28 04:38:29.594893+00:00
Internship,,Environmental Solutions Group,Manufacturing Engineering Intern,,08/27/2025,"Thu, 27 Feb 2025 18:30:47 +0000","['Fort Payne, AL']",https://syr.joinhandshake.com/jobs/9722676/share_preview,2025-07-28 04:38:29.596504+00:00
Internship,,Canyon Magnet Energy,Motor Control and Testing Intern,,08/27/2025,"Fri, 28 Feb 2025 04:30:40 +0000","['New York, MA']",https://syr.joinhandshake.com/jobs/9724952/share_preview,2025-07-28 04:38:29.598102+00:00
Internship,,WNYT/WNYA TV,Engineering Apprentice,,08/27/2025,"Thu, 27 Feb 2025 20:12:52 +0000",['Unknown'],https://syr.joinhandshake.com/jobs/9723450/share_preview,2025-07-28 04:38:29.598344+00:00
Internship,,Environmental Solutions Group,Environmental Health and Safety Intern,,08/27/2025,"Thu, 27 Feb 2025 16:12:03 +0000","['Fort Payne, AL']",https://syr.joinhandshake.com/jobs/9721667/share_preview,2025-07-28 04:38:29.601222+00:00
Internship,,Oak Ridge Institute for Science and Education,"Kinetic Technology Systems Modeling, Testing and Analysis Fellowship",,08/28/2025,"Fri, 28 Feb 2025 19:01:05 +0000",['Unknown'],https://syr.joinhandshake.com/jobs/9727539/share_preview,2025-07-28 04:38:29.601496+00:00
Internship,,Oak Ridge Institute for Science and Education,Research Kinesiologist/Engineer: Injury Biomechanics-- Musculoskeletal Injury Prevention and Protection,,08/28/2025,"Fri, 28 Feb 2025 20:13:51 +0000",['Unknown'],https://syr.joinhandshake.com/jobs/9728003/share_preview,2025-07-28 04:38:29.601893+00:00
Internship,,Oak Ridge Institute for Science and Education,Master's level Biomechanical Engineering Research Fellowship,,08/28/2025,"Fri, 28 Feb 2025 19:49:01 +0000",['Unknown'],https://syr.joinhandshake.com/jobs/9727818/share_preview,2025-07-28 04:38:29.602256+00:00
Internship,,Oak Ridge Institute for Science and Education,Master's level Biomechanical Engineering Research Fellowship,,08/28/2025,"Fri, 28 Feb 2025 19:29:32 +0000",['Unknown'],https://syr.joinhandshake.com/jobs/9727669/share_preview,2025-07-28 04:38:29.602571+00:00
Internship,,Oak Ridge Institute for Science and Education,Military Injury Biomechanics Post-Doctoral Research Fellowship,,08/28/2025,"Fri, 28 Feb 2025 19:21:01 +0000",['Unknown'],https://syr.joinhandshake.com/jobs/9727628/share_preview,2025-07-28 04:38:29.602936+00:00
Internship,,Oak Ridge Institute for Science and Education,Research Engineer Internship: Musculoskeletal Injury Prevention and Protection,,08/28/2025,"Fri, 28 Feb 2025 20:00:47 +0000",['Unknown'],https://syr.joinhandshake.com/jobs/9727877/share_preview,2025-07-28 04:38:29.603353+00:00
Internship,,Oak Ridge Institute for Science and Education,Research Engineering Internship: Injury Biomechanics--Blunt Impact Injury Prevention,,08/28/2025,"Fri, 28 Feb 2025 20:11:52 +0000",['Unknown'],https://syr.joinhandshake.com/jobs/9727952/share_preview,2025-07-28 04:38:29.603734+00:00
Internship,,Ansys,Spring 2026 Simulation Process Data Management Intern (BS/MS),,08/29/2025,"Wed, 9 Jul 2025 17:25:47 +0000",['Unknown'],https://syr.joinhandshake.com/jobs/10045600/share_preview,2025-07-28 04:38:29.603813+00:00
Internship,,Ansys,"Spring 2026 Intern - Electronics (Masters), C++",,08/29/2025,"Wed, 9 Jul 2025 17:22:21 +0000",['Unknown'],https://syr.joinhandshake.com/jobs/10045574/share_preview,2025-07-28 04:38:29.603889+00:00
Internship,,Stonefield Engineering & Design,"Civil Engineering Student Intern - Rutherford, NJ - Fall 2025",,08/29/2025,"Mon, 7 Apr 2025 19:40:37 +0000",['Unknown'],https://syr.joinhandshake.com/jobs/9835120/share_preview,2025-07-28 04:38:29.603944+00:00
Internship,,Stonefield Engineering & Design,"Civil Engineering Student Intern - Princeton, NJ - Fall 2025",,08/29/2025,"Tue, 22 Apr 2025 16:55:31 +0000",['Unknown'],https://syr.joinhandshake.com/jobs/9875310/share_preview,2025-07-28 04:38:29.603997+00:00
Internship,,HITLAB,HITLAB DELPHI Internship Program,,08/29/2025,"Sun, 18 May 2025 21:38:34 +0000",['Remote'],https://syr.joinhandshake.com/jobs/9940908/share_preview,2025-07-28 04:38:29.604111+00:00
Internship,,Arctex Inc.,Software Engineer Intern,,08/29/2025,"Sun, 18 May 2025 02:35:28 +0000",['Remote'],https://syr.joinhandshake.com/jobs/9940782/share_preview,2025-07-28 04:38:29.604216+00:00
Internship,,Serval Ventures,Serval Ventures Internship,,08/29/2025,"Tue, 27 Aug 2024 14:51:06 +0000",['Unknown'],https://syr.joinhandshake.com/jobs/9238160/share_preview,2025-07-28 04:38:29.604346+00:00
Internship,,TikTok Inc.,Software Engineer Graduate (Experimentation and Evaluation) - 2025 Start (BS/MS),,08/30/2025,"Thu, 12 Sep 2024 16:07:20 +0000",['Unknown'],https://syr.joinhandshake.com/jobs/9295506/share_preview,2025-07-28 04:38:29.604679+00:00
Internship,,Borgen Project,Political Affairs Internship (UNPAID),,08/31/2025,"Wed, 26 Feb 2025 09:43:09 +0000",['Remote'],https://syr.joinhandshake.com/jobs/9716927/share_preview,2025-07-28 04:38:29.604751+00:00
Internship,,Borgen Project,Writer/Journalist Internship,,08/31/2025,"Fri, 28 Feb 2025 17:57:05 +0000",['Remote'],https://syr.joinhandshake.com/jobs/9727165/share_preview,2025-07-28 04:38:29.604823+00:00
Internship,,Borgen Project,Public Relations/Marketing Internship,,08/31/2025,"Fri, 28 Feb 2025 18:04:33 +0000",['Remote'],https://syr.joinhandshake.com/jobs/9727216/share_preview,2025-07-28 04:38:29.604890+00:00
Internship,,"KMA Consulting Engineers, Inc.",Bridge/Roadway Engineer Internship,,08/31/2025,"Tue, 29 Aug 2023 16:28:48 +0000",['Unknown'],https://syr.joinhandshake.com/jobs/2809373/share_preview,2025-07-28 04:38:29.605148+00:00
Internship,,Ultralife Corporation,Mechanical Engineering/Document Control Co-Op,,08/31/2025,"Thu, 15 May 2025 14:15:41 +0000",['Unknown'],https://syr.joinhandshake.com/jobs/9932706/share_preview,2025-07-28 04:38:29.605272+00:00
Internship,,IDEX Corporation,Industrial Engineering Intern,,08/31/2025,"Wed, 9 Jul 2025 18:02:46 +0000",['Unknown'],https://syr.joinhandshake.com/jobs/10045849/share_preview,2025-07-28 04:38:29.607076+00:00
Internship,,LASERSTAR TECHNOLOGIES CORPORATION,Mechanical Engineer Intern,,08/31/2025,"Mon, 10 Feb 2025 21:47:36 +0000",['Unknown'],https://syr.joinhandshake.com/jobs/9671305/share_preview,2025-07-28 04:38:29.607256+00:00
Internship,,Minnesota Twins,Sports Internship and Career Fair,,08/31/2025,"Wed, 14 May 2025 21:49:07 +0000",['Unknown'],https://syr.joinhandshake.com/jobs/9931962/share_preview,2025-07-28 04:38:29.607306+00:00
Internship,,Pando Electric,Technical Project Manager Internship,,08/31/2025,"Tue, 8 Jul 2025 20:18:26 +0000",['Hybrid'],https://syr.joinhandshake.com/jobs/10043468/share_preview,2025-07-28 04:38:29.609213+00:00
Internship,,TechCongress,Programs Intern (Fall 2025),,09/01/2025,"Wed, 16 Jul 2025 20:44:33 +0000",['Unknown'],https://syr.joinhandshake.com/jobs/10063088/share_preview,2025-07-28 04:38:29.609447+00:00
Internship,,University of Central Florida - Facilities and Business Operations,Space Management Intern,,09/01/2025,"Tue, 8 Jul 2025 19:48:08 +0000","['Orlando, FL']",https://syr.joinhandshake.com/jobs/10043273/share_preview,2025-07-28 04:38:29.611588+00:00
Internship,,Stonefield Engineering & Design,"Civil Engineering Intern - Fall 2025 - New York, NY",,09/01/2025,"Thu, 3 Apr 2025 17:03:07 +0000",['Unknown'],https://syr.joinhandshake.com/jobs/9826078/share_preview,2025-07-28 04:38:29.611661+00:00
Internship,,"TTM Technologies, Inc. - TTM - Syracuse",Mechanical Engineer Intern (FALL 2025),,09/01/2025,"Thu, 5 Jun 2025 17:17:49 +0000",['Unknown'],https://syr.joinhandshake.com/jobs/9978045/share_preview,2025-07-28 04:38:29.611714+00:00
Internship,,Arctex Inc.,Back-End Engineer Intern,,09/01/2025,"Sun, 18 May 2025 02:46:27 +0000",['Remote'],https://syr.joinhandshake.com/jobs/9940783/share_preview,2025-07-28 04:38:29.611800+00:00
Internship,,Project Horseshoe Farm,Community Health Internship (Residential),,09/01/2025,"Thu, 19 Sep 2024 23:33:33 +0000",['Unknown'],https://syr.joinhandshake.com/jobs/9320442/share_preview,2025-07-28 04:38:29.611886+00:00
Internship,,Arctex Inc.,Front-End Engineer Intern,,09/01/2025,"Sun, 18 May 2025 02:46:31 +0000",['Remote'],https://syr.joinhandshake.com/jobs/9940784/share_preview,2025-07-28 04:38:29.611976+00:00
Internship,,FTI Consulting,2026 Intern - Corporate Finance & Restructuring (ID: 250FA),,09/02/2025,"Wed, 23 Jul 2025 19:24:52 +0000",['Unknown'],https://syr.joinhandshake.com/jobs/10080039/share_preview,2025-07-28 04:38:29.612304+00:00
Internship,,KPMG LLP,KPMG Intern Opportunities (All Practices),,09/02/2025,"Tue, 27 May 2025 18:52:04 +0000",['Unknown'],https://syr.joinhandshake.com/jobs/9957235/share_preview,2025-07-28 04:38:29.612486+00:00
Internship,,Norfolk Southern,Sourcing Intern,,09/03/2025,"Mon, 3 Mar 2025 15:16:45 +0000","['Remote', 'Hybrid', 'Atlanta, GA']",https://syr.joinhandshake.com/jobs/9730277/share_preview,2025-07-28 04:38:29.612604+00:00
Internship,,RS&amp;H,Civil CAD Design Intern,,09/03/2025,"Mon, 3 Mar 2025 16:42:30 +0000",['Unknown'],https://syr.joinhandshake.com/jobs/9730753/share_preview,2025-07-28 04:38:29.612743+00:00
Internship,,PACCAR,Summer Internship 2025 - OBD Compliance,,09/03/2025,"Mon, 3 Mar 2025 17:42:48 +0000",['Unknown'],https://syr.joinhandshake.com/jobs/9731197/share_preview,2025-07-28 04:38:29.612865+00:00
Internship,,Swing Phi,Economics & Data Science Intern,,09/04/2025,"Tue, 4 Mar 2025 18:01:32 +0000",['Unknown'],https://syr.joinhandshake.com/jobs/9735895/share_preview,2025-07-28 04:38:29.612973+00:00
Internship,,"RJH Consultants, Inc.",Hydraulic/Water Resources Engineering Intern,,09/04/2025,"Tue, 4 Mar 2025 20:42:54 +0000",['Unknown'],https://syr.joinhandshake.com/jobs/9737149/share_preview,2025-07-28 04:38:29.613031+00:00
Internship,,"RJH Consultants, Inc.",Geotechnical Engineering Intern,,09/04/2025,"Tue, 4 Mar 2025 20:39:48 +0000",['Unknown'],https://syr.joinhandshake.com/jobs/9737145/share_preview,2025-07-28 04:38:29.613086+00:00
Internship,,San Francisco County Transportation Authority,"Modeling / Technology, Data, and Analysis Internship",,09/04/2025,"Tue, 4 Mar 2025 18:32:19 +0000",['Unknown'],https://syr.joinhandshake.com/jobs/9736064/share_preview,2025-07-28 04:38:29.613301+00:00
Internship,,Pinetree Health,Software Engineering Intern (Spring 2025),,09/04/2025,"Wed, 5 Mar 2025 00:42:18 +0000",['Remote'],https://syr.joinhandshake.com/jobs/9738072/share_preview,2025-07-28 04:38:29.613344+00:00
Internship,,SOFWERX at DefenseWERX,Robotics Intern - Fall 2025,,09/05/2025,"Tue, 15 Jul 2025 11:15:38 +0000",['Remote'],https://syr.joinhandshake.com/jobs/10057270/share_preview,2025-07-28 04:38:29.613465+00:00
Internship,,"UGI Utilities, Inc.",Engineering Intern,,09/06/2025,"Thu, 6 Mar 2025 22:01:26 +0000",['Unknown'],https://syr.joinhandshake.com/jobs/9745816/share_preview,2025-07-28 04:38:29.613590+00:00
Internship,,"UGI Utilities, Inc.",Engineering Intern,,09/06/2025,"Thu, 6 Mar 2025 21:53:09 +0000",['Unknown'],https://syr.joinhandshake.com/jobs/9745762/share_preview,2025-07-28 04:38:29.613799+00:00
Internship,,QE Solar,Solar Summer Intern (NJ),,09/07/2025,"Fri, 7 Mar 2025 17:20:06 +0000",['Unknown'],https://syr.joinhandshake.com/jobs/9748300/share_preview,2025-07-28 04:38:29.613871+00:00
Internship,,Venture Shares,Data Recollection / Data Science Internship,,09/07/2025,"Fri, 7 Mar 2025 22:06:48 +0000",['Unknown'],https://syr.joinhandshake.com/jobs/9750075/share_preview,2025-07-28 04:38:29.613967+00:00
Internship,,Avery Dennison,Procurement Intern,,09/07/2025,"Fri, 7 Mar 2025 18:16:45 +0000",['Unknown'],https://syr.joinhandshake.com/jobs/9748659/share_preview,2025-07-28 04:38:29.614103+00:00
Internship,,Venture Shares,Backend Development Internship,,09/07/2025,"Fri, 7 Mar 2025 22:03:20 +0000",['Unknown'],https://syr.joinhandshake.com/jobs/9750054/share_preview,2025-07-28 04:38:29.614201+00:00
Internship,,Venture Shares,AI Systems Development Internship,,09/07/2025,"Fri, 7 Mar 2025 22:18:32 +0000",['Unknown'],https://syr.joinhandshake.com/jobs/9750131/share_preview,2025-07-28 04:38:29.614287+00:00
Internship,,Goldman Sachs,Emerging Leaders Series,,09/08/2025,"Tue, 13 May 2025 18:28:16 +0000",['Unknown'],https://syr.joinhandshake.com/jobs/9927883/share_preview,2025-07-28 04:38:29.614377+00:00
Internship,,Trade Terminal Inc.,Quantitative Developer Intern,,09/08/2025,"Wed, 29 Jan 2025 23:29:48 +0000",['Unknown'],https://syr.joinhandshake.com/jobs/9635608/share_preview,2025-07-28 04:38:29.614441+00:00
Internship,,"Morris Knowles & Associates, Inc",Civil Engineering/Surveying Summer Intern,,09/10/2025,"Mon, 10 Mar 2025 12:32:59 +0000",['Unknown'],https://syr.joinhandshake.com/jobs/9751206/share_preview,2025-07-28 04:38:29.614479+00:00
Internship,,Oak Ridge Institute for Science and Education - Department of Defense,Underwater Acoustics and Swarm Defense - Fully Remote Computational Research Fellowship,,09/10/2025,"Mon, 10 Mar 2025 14:17:47 +0000",['Remote'],https://syr.joinhandshake.com/jobs/9751506/share_preview,2025-07-28 04:38:29.614715+00:00
Internship,,"Xylem, Inc.",Continuous Improvement Intern,,09/11/2025,"Tue, 11 Mar 2025 17:46:03 +0000",['Unknown'],https://syr.joinhandshake.com/jobs/9757066/share_preview,2025-07-28 04:38:29.614828+00:00
Internship,,Dominion Energy,Associate Distribution Operator / Distribution Operator,,09/12/2025,"Tue, 4 Mar 2025 20:29:10 +0000",['Unknown'],https://syr.joinhandshake.com/jobs/9737009/share_preview,2025-07-28 04:38:29.615048+00:00
Internship,,Veolia Water Technologies & Solutions,Field Service Representative Intern,,09/12/2025,"Wed, 12 Mar 2025 18:19:21 +0000",['Unknown'],https://syr.joinhandshake.com/jobs/9761523/share_preview,2025-07-28 04:38:29.615223+00:00
Internship,,Schneider Electric,Engineering Lab Intern,,09/13/2025,"Thu, 13 Mar 2025 15:49:13 +0000",['Unknown'],https://syr.joinhandshake.com/jobs/9764568/share_preview,2025-07-28 04:38:29.615353+00:00
Internship,,"GCCOM Construction Co., Inc.",Engineering Intern,,09/13/2025,"Thu, 13 Mar 2025 18:03:13 +0000",['Unknown'],https://syr.joinhandshake.com/jobs/9765404/share_preview,2025-07-28 04:38:29.615414+00:00
Internship,,Environmental Solutions Group,Maintenance Intern,,09/13/2025,"Thu, 13 Mar 2025 14:56:25 +0000","['Fort Payne, AL']",https://syr.joinhandshake.com/jobs/9764200/share_preview,2025-07-28 04:38:29.618084+00:00
Internship,,O&amp;S Associates,Architectural Intern,,09/13/2025,"Thu, 13 Mar 2025 19:41:43 +0000",['Unknown'],https://syr.joinhandshake.com/jobs/9766087/share_preview,2025-07-28 04:38:29.618176+00:00
Internship,,"MEVA Formwork Systems, Inc.",Revit Drafter,,09/13/2025,"Mon, 24 Mar 2025 13:22:01 +0000",['Unknown'],https://syr.joinhandshake.com/jobs/9765566/share_preview,2025-07-28 04:38:29.618275+00:00
Internship,,Indian Health Service - Division of Sanitation Facilities Construction,Water/Wastewater Engineering Internship (Summer 2026),,09/15/2025,"Tue, 1 Jul 2025 19:58:36 +0000",['Unknown'],https://syr.joinhandshake.com/jobs/10031183/share_preview,2025-07-28 04:38:29.618370+00:00
Internship,,"Analytical Mechanics Associates, Inc",Acoustics Systems Analysis Intern,,09/17/2025,"Mon, 17 Mar 2025 16:22:39 +0000",['Unknown'],https://syr.joinhandshake.com/jobs/9773558/share_preview,2025-07-28 04:38:29.618439+00:00
Internship,,"North American Lighting, Inc.",Engineering Intern,,09/18/2025,"Tue, 18 Mar 2025 13:16:33 +0000",['Unknown'],https://syr.joinhandshake.com/jobs/9776506/share_preview,2025-07-28 04:38:29.618496+00:00
Internship,,United Nations Development Programme,Software Developer Internship,,09/19/2025,"Wed, 19 Mar 2025 13:59:20 +0000",['Remote'],https://syr.joinhandshake.com/jobs/9780779/share_preview,2025-07-28 04:38:29.618976+00:00
Internship,,United Nations Development Programme,ICT Architecture and projects Internship,,09/19/2025,"Wed, 19 Mar 2025 14:12:50 +0000","['Remote', 'Hybrid']",https://syr.joinhandshake.com/jobs/9780845/share_preview,2025-07-28 04:38:29.619471+00:00
Internship,,"SPX Technologies, LLC",Safety Intern - Summer 2025,,09/19/2025,"Wed, 19 Mar 2025 14:40:14 +0000",['Unknown'],https://syr.joinhandshake.com/jobs/9780987/share_preview,2025-07-28 04:38:29.622114+00:00
Internship,,Environmental Solutions Group,Manufacturing Engineering Intern,,09/19/2025,"Wed, 19 Mar 2025 15:59:57 +0000","['Chattanooga, TN', 'Birmingham, AL', 'Watertown, SD']",https://syr.joinhandshake.com/jobs/9781467/share_preview,2025-07-28 04:38:29.624379+00:00
Job,,City of Cedar Rapids,WPC Maintenance Repair Worker I,,07/28/2025,"Thu, 10 Jul 2025 15:18:46 +0000",['Unknown'],https://syr.joinhandshake.com/jobs/10048434/share_preview,2025-07-28 04:38:14.937998+00:00
Job,,California Public Utilities Commission (CPUC) - Energy,Nuclear and Energy Procurement Costs Analyst - JC-485157,,07/28/2025,"Fri, 18 Jul 2025 23:52:15 +0000",['Unknown'],https://syr.joinhandshake.com/jobs/10069671/share_preview,2025-07-28 04:38:14.938192+00:00
Job,,California Air Resources Board,Air Resources Engineer,,07/28/2025,"Fri, 11 Jul 2025 23:42:24 +0000",['Unknown'],https://syr.joinhandshake.com/jobs/10053262/share_preview,2025-07-28 04:38:14.938286+00:00
Job,,California Public Utilities Commission (CPUC) - Energy,Nuclear and Energy Procurement Costs Analyst - JC-485159,,07/28/2025,"Fri, 18 Jul 2025 23:54:13 +0000",['Unknown'],https://syr.joinhandshake.com/jobs/10069672/share_preview,2025-07-28 04:38:14.938441+00:00
Job,,California Public Utilities Commission (CPUC) - Energy,Nuclear and Energy Procurement Costs Analyst - JC-485151,,07/28/2025,"Fri, 18 Jul 2025 23:49:56 +0000",['Unknown'],https://syr.joinhandshake.com/jobs/10069670/share_preview,2025-07-28 04:38:14.938604+00:00
Job,,RES,Engineer II - Water Resources,,07/28/2025,"Fri, 13 Jun 2025 11:25:14 +0000",['Unknown'],https://syr.joinhandshake.com/jobs/9994339/share_preview,2025-07-28 04:38:14.938837+00:00
Job,,"Passero Associates, DPC - Civil",Civil Project Manager,,07/28/2025,"Mon, 28 Apr 2025 19:04:06 +0000",['Unknown'],https://syr.joinhandshake.com/jobs/9890509/share_preview,2025-07-28 04:38:14.939003+00:00
Job,,Department of Environmental Protection,Environmental Inspector-in-Training,,07/28/2025,"Mon, 14 Jul 2025 15:31:56 +0000","['Philippi, WV']",https://syr.joinhandshake.com/jobs/10054741/share_preview,2025-07-28 04:38:14.942803+00:00
Job,,Penn Power Group,Business Development Representative - Power Generation,,07/28/2025,"Tue, 28 Jan 2025 13:50:18 +0000",['Unknown'],https://syr.joinhandshake.com/jobs/9627830/share_preview,2025-07-28 04:38:14.942935+00:00
Job,,"Fairlead Integrated, LLC.",Senior Mechanical Engineer,,07/28/2025,"Tue, 28 Jan 2025 20:25:15 +0000",['Unknown'],https://syr.joinhandshake.com/jobs/9630339/share_preview,2025-07-28 04:38:14.943145+00:00
Job,,Alkegen (dba Lydall Performance Materials),Quality Manager,,07/28/2025,"Tue, 28 Jan 2025 21:30:23 +0000",['Unknown'],https://syr.joinhandshake.com/jobs/9629436/share_preview,2025-07-28 04:38:14.943376+00:00
Job,,KEYENCE Corporation of America,"Cleveland, OH - Territory Sales Representative (0-5 yrs. experience)",,07/28/2025,"Mon, 9 Jun 2025 12:31:07 +0000",['Unknown'],https://syr.joinhandshake.com/jobs/9982688/share_preview,2025-07-28 04:38:14.943516+00:00
Job,,KEYENCE Corporation of America,"Greenville, SC - Territory Sales Representative (0-5 yrs. experience)",,07/28/2025,"Mon, 9 Jun 2025 12:47:54 +0000",['Unknown'],https://syr.joinhandshake.com/jobs/9982720/share_preview,2025-07-28 04:38:14.943678+00:00
Job,,KEYENCE Corporation of America,"Denver, CO - Territory Sales Representative (0-5 yrs. experience)",,07/28/2025,"Mon, 9 Jun 2025 12:33:12 +0000",['Unknown'],https://syr.joinhandshake.com/jobs/9982694/share_preview,2025-07-28 04:38:14.943847+00:00
Job,,KEYENCE Corporation of America,"Fort Lauderdale, FL - Territory Sales Representative (0-5 yrs. experience)",,07/28/2025,"Mon, 9 Jun 2025 12:41:01 +0000",['Unknown'],https://syr.joinhandshake.com/jobs/9982708/share_preview,2025-07-28 04:38:14.944003+00:00
Job,,KEYENCE Corporation of America,Bay Area - Territory Sales Representative (0-5 yrs. experience),,07/28/2025,"Mon, 9 Jun 2025 12:56:56 +0000",['Unknown'],https://syr.joinhandshake.com/jobs/9982740/share_preview,2025-07-28 04:38:14.944163+00:00
Job,,KEYENCE Corporation of America,"Charlotte, NC - Territory Sales Representative (0-5 yrs. experience)",,07/28/2025,"Mon, 9 Jun 2025 12:25:13 +0000",['Unknown'],https://syr.joinhandshake.com/jobs/9982683/share_preview,2025-07-28 04:38:14.944316+00:00
Job,,KEYENCE Corporation of America,"Chicago, IL - Territory Sales Representative (0-5 yrs. experience)",,07/28/2025,"Mon, 9 Jun 2025 12:02:23 +0000",['Unknown'],https://syr.joinhandshake.com/jobs/9982666/share_preview,2025-07-28 04:38:14.944479+00:00
Job,,Terracon,Senior Engineer,,07/28/2025,"Tue, 28 Jan 2025 20:51:57 +0000",['Unknown'],https://syr.joinhandshake.com/jobs/9630536/share_preview,2025-07-28 04:38:14.944667+00:00
Job,,Cogent University,Civil Engineer III,,07/28/2025,"Tue, 28 Jan 2025 16:38:50 +0000",['Unknown'],https://syr.joinhandshake.com/jobs/9628724/share_preview,2025-07-28 04:38:14.944938+00:00
Job,,KEYENCE Corporation of America,"Kansas City, MO -Territory Sales Representative (0-5 yrs. experience)",,07/28/2025,"Mon, 9 Jun 2025 12:43:02 +0000",['Unknown'],https://syr.joinhandshake.com/jobs/9982712/share_preview,2025-07-28 04:38:14.945090+00:00
Job,,KEYENCE Corporation of America,"Cedar Rapids, IA -Territory Sales Representative (0-5 yrs. experience)",,07/28/2025,"Mon, 9 Jun 2025 12:50:34 +0000",['Unknown'],https://syr.joinhandshake.com/jobs/9982723/share_preview,2025-07-28 04:38:14.945234+00:00
Job,,KEYENCE Corporation of America,"Minneapolis, MN -Territory Sales Representative (0-5 yrs. experience)",,07/28/2025,"Mon, 9 Jun 2025 12:46:28 +0000",['Unknown'],https://syr.joinhandshake.com/jobs/9982719/share_preview,2025-07-28 04:38:14.945376+00:00
Job,,KEYENCE Corporation of America,"Portland, OR -Territory Sales Representative (0-5 yrs. experience)",,07/28/2025,"Mon, 9 Jun 2025 12:37:06 +0000",['Unknown'],https://syr.joinhandshake.com/jobs/9982700/share_preview,2025-07-28 04:38:14.945514+00:00
Job,,KEYENCE Corporation of America,"San Diego, CA - Territory Sales Representative (0-5 yrs. experience)",,07/28/2025,"Mon, 9 Jun 2025 12:43:49 +0000",['Unknown'],https://syr.joinhandshake.com/jobs/9982714/share_preview,2025-07-28 04:38:14.945677+00:00
Job,,KEYENCE Corporation of America,"Salt Lake City, UT -Territory Sales Representative (0-5 yrs. experience)",,07/28/2025,"Mon, 9 Jun 2025 12:34:08 +0000",['Unknown'],https://syr.joinhandshake.com/jobs/9982696/share_preview,2025-07-28 04:38:14.945880+00:00
Job,,KEYENCE Corporation of America,"Boston, MA - Territory Sales Representative (0-5 yrs. experience)",,07/28/2025,"Mon, 9 Jun 2025 11:59:19 +0000",['Unknown'],https://syr.joinhandshake.com/jobs/9982664/share_preview,2025-07-28 04:38:14.946070+00:00
Job,,KEYENCE Corporation of America,"Dallas, TX - Territory Sales Representative (0-5 yrs. experience)",,07/28/2025,"Mon, 9 Jun 2025 12:31:50 +0000",['Unknown'],https://syr.joinhandshake.com/jobs/9982690/share_preview,2025-07-28 04:38:14.946246+00:00
Job,,KEYENCE Corporation of America,"Seattle, WA-Territory Sales Representative (0-5 yrs. experience)",,07/28/2025,"Mon, 9 Jun 2025 12:42:00 +0000",['Unknown'],https://syr.joinhandshake.com/jobs/9982710/share_preview,2025-07-28 04:38:14.946411+00:00
Job,,KEYENCE Corporation of America,"Raleigh, NC - Territory Sales Representative (0-5 yrs. experience)",,07/28/2025,"Mon, 9 Jun 2025 12:37:57 +0000",['Unknown'],https://syr.joinhandshake.com/jobs/9982702/share_preview,2025-07-28 04:38:14.946574+00:00
Job,,KEYENCE Corporation of America,"Los Angeles, CA - Territory Sales Representative (0-5 yrs. experience)",,07/28/2025,"Mon, 9 Jun 2025 12:53:01 +0000",['Unknown'],https://syr.joinhandshake.com/jobs/9982730/share_preview,2025-07-28 04:38:14.946721+00:00
Job,,KEYENCE Corporation of America,"Houston, TX -Territory Sales Representative (0-5 yrs. experience)",,07/28/2025,"Mon, 9 Jun 2025 12:39:16 +0000",['Unknown'],https://syr.joinhandshake.com/jobs/9982705/share_preview,2025-07-28 04:38:14.946859+00:00
Job,,KEYENCE Corporation of America,"Philadelphia, PA -Territory Sales Representative (0-5 yrs. experience)",,07/28/2025,"Mon, 9 Jun 2025 12:55:57 +0000",['Unknown'],https://syr.joinhandshake.com/jobs/9982736/share_preview,2025-07-28 04:38:14.946996+00:00
Job,,KEYENCE Corporation of America,"Louisville, KY - Territory Sales Representative (0-5 yrs. experience)",,07/28/2025,"Mon, 9 Jun 2025 12:45:17 +0000",['Unknown'],https://syr.joinhandshake.com/jobs/9982716/share_preview,2025-07-28 04:38:14.947161+00:00
Job,,Oklahoma Department of Environmental Quality,Engineer,,07/28/2025,"Fri, 18 Jul 2025 14:03:00 +0000",['Unknown'],https://syr.joinhandshake.com/jobs/10067549/share_preview,2025-07-28 04:38:14.947360+00:00
Job,,KEYENCE Corporation of America,"Phoenix, AZ - Territory Sales Representative (0-5 yrs. experience)",,07/28/2025,"Mon, 9 Jun 2025 12:35:20 +0000",['Unknown'],https://syr.joinhandshake.com/jobs/9982699/share_preview,2025-07-28 04:38:14.947498+00:00
Job,,KEYENCE Corporation of America,"Irvine, CA -Territory Sales Representative (0-5 yrs. experience)",,07/28/2025,"Mon, 9 Jun 2025 12:40:14 +0000",['Unknown'],https://syr.joinhandshake.com/jobs/9982706/share_preview,2025-07-28 04:38:14.947649+00:00
Job,,KEYENCE Corporation of America,"Little Rock, AR - Territory Sales Representative (0-5 yrs. experience)",,07/28/2025,"Mon, 9 Jun 2025 12:54:17 +0000",['Unknown'],https://syr.joinhandshake.com/jobs/9982733/share_preview,2025-07-28 04:38:14.947805+00:00
Job,,Anheuser-Busch,Maintenance Technician,,07/28/2025,"Tue, 28 Jan 2025 20:10:38 +0000",['Unknown'],https://syr.joinhandshake.com/jobs/9630218/share_preview,2025-07-28 04:38:14.948003+00:00
Job,,KEYENCE Corporation of America,"Grand Rapids, MI - Territory Sales Representative (0-5 yrs. experience)",,07/28/2025,"Mon, 9 Jun 2025 12:51:30 +0000",['Unknown'],https://syr.joinhandshake.com/jobs/9982725/share_preview,2025-07-28 04:38:14.948179+00:00
Job,,KEYENCE Corporation of America,Washington DC - Territory Sales Representative (0-5 yrs. experience),,07/28/2025,"Mon, 9 Jun 2025 12:57:19 +0000",['Unknown'],https://syr.joinhandshake.com/jobs/9982743/share_preview,2025-07-28 04:38:14.948341+00:00
Job,,KEYENCE Corporation of America,"Pittsburgh, PA - Territory Sales Representative (0-5 yrs. experience)",,07/28/2025,"Mon, 9 Jun 2025 12:58:53 +0000",['Unknown'],https://syr.joinhandshake.com/jobs/9982748/share_preview,2025-07-28 04:38:14.948485+00:00
Job,,U.S. Navy,Navy Civil Engineer,,07/28/2025,"Wed, 28 May 2025 17:30:08 +0000",['Unknown'],https://syr.joinhandshake.com/jobs/9959720/share_preview,2025-07-28 04:38:14.948706+00:00
Job,,Washington State Department of Health,"Ground Water, Treatment, & Distribution System Engineering Specialist (EE5) DOH8671",,07/28/2025,"Tue, 15 Jul 2025 21:54:34 +0000",['Remote'],https://syr.joinhandshake.com/jobs/10060063/share_preview,2025-07-28 04:38:14.948860+00:00
Job,,Burleigh County,Road Superintendent,,07/28/2025,"Fri, 27 Jun 2025 21:14:51 +0000",['Unknown'],https://syr.joinhandshake.com/jobs/10025092/share_preview,2025-07-28 04:38:14.949079+00:00
Job,,Tubman Technologies Inc .,Java Developer,,07/29/2025,"Thu, 27 Feb 2025 22:34:47 +0000",['Unknown'],https://syr.joinhandshake.com/jobs/9630574/share_preview,2025-07-28 04:38:14.949117+00:00
Job,,City of Vacaville,Engineering Technician I/II,,07/29/2025,"Fri, 18 Jul 2025 19:00:14 +0000",['Unknown'],https://syr.joinhandshake.com/jobs/10068815/share_preview,2025-07-28 04:38:14.949331+00:00
Job,,Virginia Department of Transportation,Program Supervisor - Local Assistance,,07/29/2025,"Mon, 14 Jul 2025 15:20:58 +0000","['Richmond, VA']",https://syr.joinhandshake.com/jobs/10054664/share_preview,2025-07-28 04:38:14.951478+00:00
Job,,ALLETE Inc,Advanced Apprentice Substation Technician - Electrical/Mechanical,,07/29/2025,"Wed, 16 Jul 2025 14:12:53 +0000","['Duluth, MN']",https://syr.joinhandshake.com/jobs/10060960/share_preview,2025-07-28 04:38:14.955692+00:00
Job,,Minnesota Department of Natural Resources,Hydrologist 3,,07/29/2025,"Tue, 8 Jul 2025 16:29:02 +0000",['Unknown'],https://syr.joinhandshake.com/jobs/10042273/share_preview,2025-07-28 04:38:14.962997+00:00
Job,,Minnesota Pollution Control Agency,Solid Waste Permit Engineer Job ID 87229,,07/29/2025,"Mon, 7 Jul 2025 13:41:02 +0000",['Unknown'],https://syr.joinhandshake.com/jobs/10038672/share_preview,2025-07-28 04:38:14.963196+00:00
Job,,Caltrans HQ,Transportation Engineer (Civil) (JC-484541),,07/29/2025,"Tue, 15 Jul 2025 20:29:46 +0000",['Unknown'],https://syr.joinhandshake.com/jobs/10059688/share_preview,2025-07-28 04:38:14.963276+00:00
Job,,"City of Gresham, OR",Environmental Specialist 2,,07/29/2025,"Wed, 9 Jul 2025 07:22:58 +0000",['Unknown'],https://syr.joinhandshake.com/jobs/10044163/share_preview,2025-07-28 04:38:14.963469+00:00
Job,,Carrier,"Commercial Service Account Manager, New England",,07/29/2025,"Wed, 29 Jan 2025 15:31:27 +0000",['Unknown'],https://syr.joinhandshake.com/jobs/9632391/share_preview,2025-07-28 04:38:14.963664+00:00
Job,,"Onondaga County, NY",Mechanical Engineer,,07/29/2025,"Wed, 29 Jan 2025 22:05:01 +0000",['Unknown'],https://syr.joinhandshake.com/jobs/9635286/share_preview,2025-07-28 04:38:14.963769+00:00
Job,,"Clinpharma Clinical Research, LLC",Full Stack,,07/29/2025,"Wed, 30 Oct 2024 02:33:58 +0000",['Unknown'],https://syr.joinhandshake.com/jobs/9421564/share_preview,2025-07-28 04:38:14.963806+00:00
Job,,"Onondaga County, NY - Department of Water Environment Protection",Mechanical Engineer II,,07/29/2025,"Wed, 29 Jan 2025 21:52:58 +0000",['Unknown'],https://syr.joinhandshake.com/jobs/9635223/share_preview,2025-07-28 04:38:14.963932+00:00
Job,,Carrier,Commercial HVAC Solutions Sales Specialist - NY Metro,,07/29/2025,"Wed, 29 Jan 2025 15:42:04 +0000",['Unknown'],https://syr.joinhandshake.com/jobs/9632422/share_preview,2025-07-28 04:38:14.964127+00:00
Job,,Carrier,Commercial Service Sales Specialist - NYC,,07/29/2025,"Wed, 29 Jan 2025 15:27:47 +0000",['Unknown'],https://syr.joinhandshake.com/jobs/9632359/share_preview,2025-07-28 04:38:14.964336+00:00
Job,,Wabtec Corporation,CNC Machine Operator,,07/29/2025,"Wed, 29 Jan 2025 19:18:40 +0000",['Unknown'],https://syr.joinhandshake.com/jobs/9633858/share_preview,2025-07-28 04:38:14.964791+00:00
Job,,Starkey Hearing Technologies,"Research Audiologist - Eden Prairie, MN",,07/29/2025,"Wed, 29 Jan 2025 16:39:05 +0000",['Unknown'],https://syr.joinhandshake.com/jobs/9632825/share_preview,2025-07-28 04:38:14.965007+00:00
Job,,Starkey Hearing Technologies,Sr. Manager of Test Engineering,,07/29/2025,"Wed, 29 Jan 2025 16:50:15 +0000",['Unknown'],https://syr.joinhandshake.com/jobs/9632857/share_preview,2025-07-28 04:38:14.965271+00:00
Job,,BREC,Construction Foreman,,07/29/2025,"Wed, 29 Jan 2025 21:47:56 +0000",['Unknown'],https://syr.joinhandshake.com/jobs/9635136/share_preview,2025-07-28 04:38:14.965428+00:00
Job,,BNSF Railway,Mechanical Management Trainee 2025,,07/29/2025,"Wed, 29 Jan 2025 19:38:39 +0000","['Kansas City, KS', 'Springfield, MO', 'Commerce, CA', 'Technical, OR', 'Havre, MT', 'Chicago, IL', 'Alliance, NE', 'Havelock, NE', 'Temple, TX']",https://syr.joinhandshake.com/jobs/9634039/share_preview,2025-07-28 04:38:14.969561+00:00
Job,,City of Corvallis,Engineering Technician,,07/29/2025,"Wed, 29 Jan 2025 19:25:57 +0000",['Unknown'],https://syr.joinhandshake.com/jobs/9633897/share_preview,2025-07-28 04:38:14.969925+00:00
Job,,Mountain Line,Planning Director,,07/29/2025,"Wed, 25 Jun 2025 18:40:26 +0000",['Unknown'],https://syr.joinhandshake.com/jobs/10018962/share_preview,2025-07-28 04:38:14.970125+00:00
Job,,City of Corvallis,Civil Engineer I or II,,07/29/2025,"Wed, 29 Jan 2025 19:31:50 +0000",['Unknown'],https://syr.joinhandshake.com/jobs/9633967/share_preview,2025-07-28 04:38:14.970961+00:00
Job,,"Michigan Department of Environment, Great Lakes, and Energy",Environmental Quality Analyst 9-P11,,07/30/2025,"Wed, 16 Jul 2025 03:12:44 +0000","['Kalamazoo, MI', 'Remote']",https://syr.joinhandshake.com/jobs/10060430/share_preview,2025-07-28 04:38:14.973260+00:00
Job,,UAB TALENT ACQUISITION,Advanced Analytics Engineer (Alabama),,07/30/2025,"Fri, 27 Jun 2025 18:49:50 +0000",['Unknown'],https://syr.joinhandshake.com/jobs/10024567/share_preview,2025-07-28 04:38:14.973366+00:00
Job,,Washington State Department of Transportation - Northwest Region,King Area Traffic Engineer,,07/30/2025,"Tue, 8 Jul 2025 18:15:34 +0000",['Unknown'],https://syr.joinhandshake.com/jobs/10042795/share_preview,2025-07-28 04:38:14.973462+00:00
Job,,California Air Resources Board,Air Pollution Monitoring Technical Support,,07/30/2025,"Wed, 23 Jul 2025 22:50:10 +0000",['Unknown'],https://syr.joinhandshake.com/jobs/10080868/share_preview,2025-07-28 04:38:14.973664+00:00
Job,,California Air Resources Board,Consumer Product Programs APS,,07/30/2025,"Fri, 11 Jul 2025 23:18:14 +0000",['Hybrid'],https://syr.joinhandshake.com/jobs/10053231/share_preview,2025-07-28 04:38:14.973787+00:00
Job,,California Air Resources Board,Branch Chief,,07/30/2025,"Fri, 11 Jul 2025 23:23:45 +0000",['Hybrid'],https://syr.joinhandshake.com/jobs/10053234/share_preview,2025-07-28 04:38:14.973990+00:00
Job,,Caltrans HQ,Transportation Engineer (Civil) (JC-484775),,07/30/2025,"Thu, 17 Jul 2025 17:21:41 +0000",['Unknown'],https://syr.joinhandshake.com/jobs/10065312/share_preview,2025-07-28 04:38:14.974096+00:00
Job,,Washington State Department of Transportation,Assistant Traffic Engineer,,07/30/2025,"Wed, 9 Jul 2025 15:33:51 +0000",['Unknown'],https://syr.joinhandshake.com/jobs/10044949/share_preview,2025-07-28 04:38:14.974183+00:00
Job,,Graphic Packaging International,Inventory and Production Reporting Coordinator II,,07/30/2025,"Thu, 30 Jan 2025 21:24:49 +0000","['Portland, OR']",https://syr.joinhandshake.com/jobs/9639169/share_preview,2025-07-28 04:38:14.977033+00:00
Job,,Philip Morris International Inc.,Mechanical Technician,,07/30/2025,"Thu, 15 May 2025 17:01:00 +0000",['Unknown'],https://syr.joinhandshake.com/jobs/9935779/share_preview,2025-07-28 04:38:14.977320+00:00
Job,,Brooklyn SolarWorks,General Application,,07/30/2025,"Thu, 30 Jan 2025 20:59:43 +0000",['Unknown'],https://syr.joinhandshake.com/jobs/9638948/share_preview,2025-07-28 04:38:14.977351+00:00
Job,,RAUCH inc.,CAD TECHNICIAN  LAND SURVEYING,,07/30/2025,"Thu, 30 Jan 2025 20:42:23 +0000",['Unknown'],https://syr.joinhandshake.com/jobs/9638865/share_preview,2025-07-28 04:38:14.977471+00:00
Job,,Princeton Consultants,Consultant Careers for Technologists,,07/30/2025,"Mon, 16 Dec 2024 14:32:46 +0000",['Unknown'],https://syr.joinhandshake.com/jobs/9527041/share_preview,2025-07-28 04:38:14.977530+00:00
Job,,John Deere,"Part-Time Student - IT - Software Engineer/Cybersecurity - Ames, IA",,07/30/2025,"Thu, 30 Jan 2025 17:03:40 +0000","['Cybersecurity - Ames, IA', 'Remote', 'located in Ames, IA']",https://syr.joinhandshake.com/jobs/9637343/share_preview,2025-07-28 04:38:14.979625+00:00
Job,,"Maitra Associates, PC",Civil Engineer,,07/30/2025,"Tue, 3 Jun 2025 15:23:38 +0000",['Unknown'],https://syr.joinhandshake.com/jobs/9971104/share_preview,2025-07-28 04:38:14.979681+00:00
Job,,Louisville/Jefferson County Metropolitan Sewer District,Operations Control Manager,,07/30/2025,"Wed, 16 Jul 2025 18:39:02 +0000",['Remote'],https://syr.joinhandshake.com/jobs/10062405/share_preview,2025-07-28 04:38:14.979808+00:00
Job,,Itlize Global LLC,Business Intelligence and Data Science Developers,,07/30/2025,"Fri, 23 May 2025 19:39:32 +0000",['Unknown'],https://syr.joinhandshake.com/jobs/9954470/share_preview,2025-07-28 04:38:14.979966+00:00
Job,,Weber Knapp Company,Regional Sales Manager,,07/30/2025,"Mon, 30 Jun 2025 13:37:01 +0000",['Unknown'],https://syr.joinhandshake.com/jobs/10026124/share_preview,2025-07-28 04:38:14.980113+00:00
Job,,"GPI/Greenman-Pedersen, Inc. - Babylon, NY",Junior Bridge Design Engineer,,07/30/2025,"Thu, 30 Jan 2025 15:38:11 +0000",['Unknown'],https://syr.joinhandshake.com/jobs/9636762/share_preview,2025-07-28 04:38:14.980229+00:00
Job,,"Hankook Tire Manufacturing Tennessee, LP.",Test Engineer (Industrial),,07/30/2025,"Mon, 16 Jun 2025 22:01:00 +0000",['Unknown'],https://syr.joinhandshake.com/jobs/9999473/share_preview,2025-07-28 04:38:14.980445+00:00
Job,,Oklahoma Department of Environmental Quality,Environmental Programs Specialist,,07/30/2025,"Mon, 21 Jul 2025 13:02:16 +0000",['Unknown'],https://syr.joinhandshake.com/jobs/10070599/share_preview,2025-07-28 04:38:14.980714+00:00
Job,,Coalmont Engineering,Entry Level Electrical Engineer - Capital Construction,,07/30/2025,"Fri, 31 Jan 2025 03:07:18 +0000",['Unknown'],https://syr.joinhandshake.com/jobs/9640047/share_preview,2025-07-28 04:38:14.980887+00:00
Job,,"Hankook Tire Manufacturing Tennessee, LP.",Inspection Process Engineer II,,07/30/2025,"Mon, 30 Jun 2025 20:30:24 +0000",['Unknown'],https://syr.joinhandshake.com/jobs/10027854/share_preview,2025-07-28 04:38:14.981068+00:00
Job,,"Hankook Tire Manufacturing Tennessee, LP.",Mechanical Process Engineer II,,07/30/2025,"Mon, 30 Jun 2025 21:09:24 +0000",['Unknown'],https://syr.joinhandshake.com/jobs/10028007/share_preview,2025-07-28 04:38:14.981308+00:00
Job,,"Hankook Tire Manufacturing Tennessee, LP.",Product Development Engineer,,07/30/2025,"Thu, 3 Jul 2025 19:29:25 +0000",['Unknown'],https://syr.joinhandshake.com/jobs/10036770/share_preview,2025-07-28 04:38:14.981545+00:00
Job,,Enbridge Inc.,Commercial Contract Analyst II,,07/30/2025,"Thu, 16 Jan 2025 19:02:17 +0000",['Hybrid'],https://syr.joinhandshake.com/jobs/9596604/share_preview,2025-07-28 04:38:14.981931+00:00
Job,,"Hankook Tire Manufacturing Tennessee, LP.",Mechanical Utility Engineer II,,07/30/2025,"Mon, 30 Jun 2025 21:12:23 +0000",['Unknown'],https://syr.joinhandshake.com/jobs/10028037/share_preview,2025-07-28 04:38:14.982126+00:00
Job,,Binary Tech Consulting Corp,Java Developer,,07/30/2025,"Wed, 15 Jan 2025 21:25:41 +0000",['Unknown'],https://syr.joinhandshake.com/jobs/9593230/share_preview,2025-07-28 04:38:14.982143+00:00
Job,,ALLETE Inc,Compliance Technician - Instrument and Control,,07/31/2025,"Wed, 16 Jul 2025 15:43:30 +0000","['Cohasset, MN']",https://syr.joinhandshake.com/jobs/10061410/share_preview,2025-07-28 04:38:14.984271+00:00
Job,,Washington State Department of Ecology,IT Business Analyst - Journey,,07/31/2025,"Thu, 24 Jul 2025 15:29:22 +0000",['Unknown'],https://syr.joinhandshake.com/jobs/10082045/share_preview,2025-07-28 04:38:14.990024+00:00
Job,,California Public Utilities Commission (CPUC) - Energy,Energy Policy Analyst - JC-485292,,07/31/2025,"Fri, 18 Jul 2025 23:37:22 +0000",['Unknown'],https://syr.joinhandshake.com/jobs/10069660/share_preview,2025-07-28 04:38:14.990193+00:00
Job,,California Public Utilities Commission (CPUC) - Energy,Energy Policy Analyst - JC-485294,,07/31/2025,"Fri, 18 Jul 2025 23:40:42 +0000",['Unknown'],https://syr.joinhandshake.com/jobs/10069663/share_preview,2025-07-28 04:38:14.990348+00:00
Job,,California Air Resources Board,Health Analysis Project Lead,,07/31/2025,"Mon, 7 Jul 2025 18:54:27 +0000",['Hybrid'],https://syr.joinhandshake.com/jobs/10040136/share_preview,2025-07-28 04:38:14.990498+00:00
Job,,California Public Utilities Commission (CPUC) - Energy,Energy Policy Analyst - JC-485241,,07/31/2025,"Fri, 18 Jul 2025 23:35:45 +0000",['Unknown'],https://syr.joinhandshake.com/jobs/10069657/share_preview,2025-07-28 04:38:14.990659+00:00
Job,,"Nelson, Pope and Voorhis, LLC",Drillers Assistant/Assistant Geologist,,07/31/2025,"Fri, 31 Jan 2025 18:23:31 +0000",['Unknown'],https://syr.joinhandshake.com/jobs/9642573/share_preview,2025-07-28 04:38:14.990709+00:00
Job,,"JM Davidson Engineering, D.P.C.",Junior Engineer (Water/Wastewater),,07/31/2025,"Mon, 30 Sep 2024 19:24:49 +0000",['Unknown'],https://syr.joinhandshake.com/jobs/9346985/share_preview,2025-07-28 04:38:14.990821+00:00
Job,,Vicor Corporation,Associate Manufacturing Engineer,,07/31/2025,"Thu, 5 Dec 2024 14:19:57 +0000",['Unknown'],https://syr.joinhandshake.com/jobs/9503677/share_preview,2025-07-28 04:38:14.990970+00:00
Job,,"Sage Engineering Associates, LLP",Mechanical Engineer,,07/31/2025,"Thu, 12 Sep 2024 19:14:58 +0000",['Unknown'],https://syr.joinhandshake.com/jobs/9296973/share_preview,2025-07-28 04:38:14.991041+00:00
Job,,DJM Consulting Engineering,Entry Level Mechanical Engineer,,07/31/2025,"Fri, 28 Feb 2025 15:13:58 +0000",['Unknown'],https://syr.joinhandshake.com/jobs/9726238/share_preview,2025-07-28 04:38:14.991171+00:00
Job,,Verder Scientific Inc.,Verder Scientific Inc. Service Engineer for Carbolite-Gero Product line,,07/31/2025,"Tue, 17 Jun 2025 20:44:25 +0000",['Unknown'],https://syr.joinhandshake.com/jobs/10003879/share_preview,2025-07-28 04:38:14.991267+00:00
Job,,Department of Environmental Protection,Environmental Inspector-in-Training,,07/31/2025,"Thu, 17 Jul 2025 15:18:43 +0000","['Logan, WV']",https://syr.joinhandshake.com/jobs/10064650/share_preview,2025-07-28 04:38:14.995464+00:00
Job,,Naval Surface Warfare Center Dahlgren Division (NSWCDD),Computer Scientist,,07/31/2025,"Mon, 9 Jun 2025 13:15:04 +0000",['Unknown'],https://syr.joinhandshake.com/jobs/9982795/share_preview,2025-07-28 04:38:14.995607+00:00
Job,,Gemu Valves Inc.,Project Coordinator,,07/31/2025,"Tue, 10 Jun 2025 13:56:18 +0000",['Unknown'],https://syr.joinhandshake.com/jobs/9985906/share_preview,2025-07-28 04:38:14.995774+00:00
Job,,Campus Philly,DevOps Engineer,,07/31/2025,"Sat, 5 Jul 2025 23:48:13 +0000",['Unknown'],https://syr.joinhandshake.com/jobs/10037962/share_preview,2025-07-28 04:38:15.000836+00:00
Job,,Bimbo Bakeries USA,Operations Excellence Frontline Engagement Leader,,07/31/2025,"Fri, 31 Jan 2025 16:03:25 +0000",['Unknown'],https://syr.joinhandshake.com/jobs/9641524/share_preview,2025-07-28 04:38:15.007981+00:00
Job,,DJM Consulting Engineering,Electrical/Solar Engineer,,07/31/2025,"Fri, 28 Feb 2025 15:21:39 +0000",['Unknown'],https://syr.joinhandshake.com/jobs/9726274/share_preview,2025-07-28 04:38:15.008113+00:00
Job,,Vsecure Technologies LLC,Data Engineer,,07/31/2025,"Wed, 19 Mar 2025 19:00:57 +0000","['Hybrid', 'Remote']",https://syr.joinhandshake.com/jobs/9782774/share_preview,2025-07-28 04:38:15.009756+00:00
Job,,IEX,Systems Reliability Engineer,,07/31/2025,"Thu, 20 Mar 2025 14:36:03 +0000",['Unknown'],https://syr.joinhandshake.com/jobs/9784875/share_preview,2025-07-28 04:38:15.010200+00:00
Job,,GE Vernova,Maintenance Reliability Engineer,,07/31/2025,"Fri, 4 Apr 2025 19:00:23 +0000",['Unknown'],https://syr.joinhandshake.com/jobs/9830523/share_preview,2025-07-28 04:38:15.010355+00:00
Job,,"Sage Engineering Associates, LLP",Structural Engineer,,07/31/2025,"Thu, 12 Sep 2024 18:13:41 +0000",['Unknown'],https://syr.joinhandshake.com/jobs/9296513/share_preview,2025-07-28 04:38:15.010418+00:00
Job,,Safe Flight Instrument Corp.,Qualification Test Engineer,,07/31/2025,"Fri, 31 Jan 2025 17:18:11 +0000",['Unknown'],https://syr.joinhandshake.com/jobs/9642057/share_preview,2025-07-28 04:38:15.010587+00:00
Job,,IEX,Data Center Engineer,,07/31/2025,"Thu, 20 Mar 2025 14:17:14 +0000","['Secaucus, NJ', 'Hybrid']",https://syr.joinhandshake.com/jobs/9784772/share_preview,2025-07-28 04:38:15.014263+00:00
Job,,Filtration Group,Sales Support Engineer,,07/31/2025,"Mon, 7 Jul 2025 13:23:39 +0000",['Unknown'],https://syr.joinhandshake.com/jobs/10038643/share_preview,2025-07-28 04:38:15.014517+00:00
Job,,"Sage Engineering Associates, LLP",Electrical Engineer,,07/31/2025,"Thu, 12 Sep 2024 18:17:35 +0000",['Unknown'],https://syr.joinhandshake.com/jobs/9296543/share_preview,2025-07-28 04:38:15.014584+00:00
Job,,Jump the Fence Recruiting,Analyst - Jump the Fence @ NRG Energy,,07/31/2025,"Fri, 13 Sep 2024 21:03:26 +0000",['Unknown'],https://syr.joinhandshake.com/jobs/9301918/share_preview,2025-07-28 04:38:15.014826+00:00
Job,,Bohler,Entry Level Civil Engineer (Site Design),,07/31/2025,"Tue, 3 Sep 2024 18:59:08 +0000",['Unknown'],https://syr.joinhandshake.com/jobs/9260366/share_preview,2025-07-28 04:38:15.014963+00:00
Job,,"Belcan, LLC",Manufacturing Engineer,,07/31/2025,"Thu, 23 Jan 2025 16:04:43 +0000","['Rockford, IL']",https://syr.joinhandshake.com/jobs/9615142/share_preview,2025-07-28 04:38:15.015843+00:00
Job,,East Penn Manufacturing,Reserve Power Design Engineer I,,07/31/2025,"Wed, 16 Apr 2025 19:44:57 +0000",['Unknown'],https://syr.joinhandshake.com/jobs/9861971/share_preview,2025-07-28 04:38:15.015900+00:00
Job,,"The JDI Group, Inc.",Electrical Designer/Engineer,,07/31/2025,"Fri, 6 Jun 2025 13:28:33 +0000",['Remote'],https://syr.joinhandshake.com/jobs/9979978/share_preview,2025-07-28 04:38:15.016006+00:00
Job,,Vertiv,AC Power Customer Engineer I,,07/31/2025,"Tue, 24 Jun 2025 15:19:11 +0000",['Unknown'],https://syr.joinhandshake.com/jobs/10015161/share_preview,2025-07-28 04:38:15.016430+00:00
Job,,"Vermont Electric Power Company, Inc. (VELCO)",Telecom Network Engineer,,07/31/2025,"Mon, 12 May 2025 16:51:46 +0000",['Hybrid'],https://syr.joinhandshake.com/jobs/9923976/share_preview,2025-07-28 04:38:15.016634+00:00
Job,,Jabil - Enterprise & Infrastructure,Senior Test Engineer,,07/31/2025,"Mon, 28 Apr 2025 14:52:13 +0000",['Unknown'],https://syr.joinhandshake.com/jobs/9889120/share_preview,2025-07-28 04:38:15.016933+00:00
Job,,The Walt Disney Company - Walt Disney World Resort,Cogen Operator,,07/31/2025,"Mon, 7 Jul 2025 21:10:52 +0000",['Unknown'],https://syr.joinhandshake.com/jobs/10040788/share_preview,2025-07-28 04:38:15.017183+00:00
Job,,"Vermont Electric Power Company, Inc. (VELCO)",Radio Frequency Network Engineer,,07/31/2025,"Fri, 16 May 2025 16:57:02 +0000",['Hybrid'],https://syr.joinhandshake.com/jobs/9939175/share_preview,2025-07-28 04:38:15.017486+00:00
Job,,"The Henry M. Jackson Foundation for the Advancement of Military Medicine, Inc. (HJF)","Computational Research Scientist I, Brain Biomechanics",,07/31/2025,"Fri, 31 Jan 2025 16:14:23 +0000",['Unknown'],https://syr.joinhandshake.com/jobs/9641623/share_preview,2025-07-28 04:38:15.017766+00:00
Job,,Jabil - Enterprise & Infrastructure,Lead Test Engineer,,07/31/2025,"Mon, 28 Apr 2025 14:44:51 +0000",['Unknown'],https://syr.joinhandshake.com/jobs/9889082/share_preview,2025-07-28 04:38:15.018083+00:00
Job,,"The JDI Group, Inc.",Surveyor,,07/31/2025,"Fri, 6 Jun 2025 13:57:03 +0000",['Remote'],https://syr.joinhandshake.com/jobs/9980051/share_preview,2025-07-28 04:38:15.018192+00:00
Job,,"The JDI Group, Inc.",Instrumentation Engineer,,07/31/2025,"Fri, 6 Jun 2025 13:34:57 +0000",['Remote'],https://syr.joinhandshake.com/jobs/9979992/share_preview,2025-07-28 04:38:15.018345+00:00
Job,,"Xylem, Inc.",Aftermarket and Field Service Engineer,,07/31/2025,"Fri, 13 Jun 2025 11:06:35 +0000",['Unknown'],https://syr.joinhandshake.com/jobs/9994320/share_preview,2025-07-28 04:38:15.018575+00:00
Job,,Precision Castparts Corp.,Instrumentation Technician,,07/31/2025,"Mon, 24 Mar 2025 20:42:51 +0000",['Unknown'],https://syr.joinhandshake.com/jobs/9795294/share_preview,2025-07-28 04:38:15.018722+00:00
Job,,EMSL Analytical Inc.,Laboratory Technician (Materials Science),,07/31/2025,"Wed, 30 Apr 2025 14:55:54 +0000",['Unknown'],https://syr.joinhandshake.com/jobs/9896572/share_preview,2025-07-28 04:38:15.018845+00:00
Job,,"Nelson, Pope and Voorhis, LLC",Drillers Assistant/Assistant Geologist (Part Time),,07/31/2025,"Fri, 31 Jan 2025 18:30:50 +0000",['Unknown'],https://syr.joinhandshake.com/jobs/9642602/share_preview,2025-07-28 04:38:15.018899+00:00
Job,,"Freethink Technologies, Inc.",Formulation Scientist/Engineer,,07/31/2025,"Thu, 12 Jun 2025 15:10:03 +0000",['Unknown'],https://syr.joinhandshake.com/jobs/9992172/share_preview,2025-07-28 04:38:15.019037+00:00
Job,,Naval Surface Warfare Center Dahlgren Division (NSWCDD),Engineer,,07/31/2025,"Thu, 26 Jun 2025 12:39:32 +0000",['Unknown'],https://syr.joinhandshake.com/jobs/10020497/share_preview,2025-07-28 04:38:15.019144+00:00
Job,,"The JDI Group, Inc.",Chemical Engineer,,07/31/2025,"Fri, 6 Jun 2025 13:24:46 +0000",['Remote'],https://syr.joinhandshake.com/jobs/9979970/share_preview,2025-07-28 04:38:15.019324+00:00
Job,,"JM Davidson Engineering, D.P.C.",Junior Engineer (Civil/Highway),,07/31/2025,"Mon, 30 Sep 2024 19:07:19 +0000",['Unknown'],https://syr.joinhandshake.com/jobs/9346896/share_preview,2025-07-28 04:38:15.019444+00:00
Job,,Department of Environmental Protection,Environmental Inspector,,07/31/2025,"Thu, 17 Jul 2025 15:26:06 +0000","['Logan, WV']",https://syr.joinhandshake.com/jobs/10064684/share_preview,2025-07-28 04:38:15.023390+00:00
Job,,Town of Leesburg,"Engineering Technician, Engineer I or Senior Engineer",,07/31/2025,"Wed, 18 Jun 2025 14:26:05 +0000",['Unknown'],https://syr.joinhandshake.com/jobs/10005007/share_preview,2025-07-28 04:38:15.023545+00:00
Job,,The Walt Disney Company - Disneyland Resort,Operating Engineer (Crane Operator),,07/31/2025,"Mon, 7 Jul 2025 19:50:08 +0000",['Unknown'],https://syr.joinhandshake.com/jobs/10040433/share_preview,2025-07-28 04:38:15.023854+00:00
Job,,Detroit Housing Commission,Capital Asset & Skilled Workforce Lead,,07/31/2025,"Fri, 31 Jan 2025 14:07:05 +0000",['Unknown'],https://syr.joinhandshake.com/jobs/9640989/share_preview,2025-07-28 04:38:15.024227+00:00
Job,,"The JDI Group, Inc.",Senior Facility Mechanical Engineer (P.E. - HVAC / Plumbing),,07/31/2025,"Fri, 6 Jun 2025 13:54:16 +0000",['Remote'],https://syr.joinhandshake.com/jobs/9980047/share_preview,2025-07-28 04:38:15.024338+00:00
Job,,Bohler,Entry Level Civil Engineer (Site Design),,07/31/2025,"Fri, 30 Aug 2024 20:20:56 +0000",['Unknown'],https://syr.joinhandshake.com/jobs/9255263/share_preview,2025-07-28 04:38:15.024451+00:00
Job,,RS&amp;H,Airfield Engineering Associate I,,07/31/2025,"Fri, 31 Jan 2025 20:59:59 +0000",['Unknown'],https://syr.joinhandshake.com/jobs/9643716/share_preview,2025-07-28 04:38:15.024566+00:00
Job,,Graphic Packaging International,Process Engineer Associate,,07/31/2025,"Wed, 18 Jun 2025 17:24:29 +0000","['Macon, GA']",https://syr.joinhandshake.com/jobs/10005877/share_preview,2025-07-28 04:38:15.027139+00:00
Job,,The Walt Disney Company - Disneyland Resort,Maintenance Engineer,,07/31/2025,"Mon, 7 Jul 2025 20:28:34 +0000",['Unknown'],https://syr.joinhandshake.com/jobs/10040613/share_preview,2025-07-28 04:38:15.027420+00:00
Job,,"JM Davidson Engineering, D.P.C.",Junior Engineer (Structural),,07/31/2025,"Mon, 30 Sep 2024 19:16:03 +0000",['Unknown'],https://syr.joinhandshake.com/jobs/9346946/share_preview,2025-07-28 04:38:15.027540+00:00
Job,,"The JDI Group, Inc.",Electrical Engineer - P.E.,,07/31/2025,"Fri, 6 Jun 2025 13:31:33 +0000",['Remote'],https://syr.joinhandshake.com/jobs/9979986/share_preview,2025-07-28 04:38:15.027656+00:00
Job,,EMSL Analytical Inc.,Laboratory Analyst (Asbestos),,07/31/2025,"Thu, 3 Jul 2025 17:21:23 +0000",['Unknown'],https://syr.joinhandshake.com/jobs/10036263/share_preview,2025-07-28 04:38:15.027771+00:00
Job,,Arthur Morrison Mentors - all,STEM Instructor - (Education/ Child care background preferred),,07/31/2025,"Wed, 9 Jul 2025 20:30:02 +0000",['Unknown'],https://syr.joinhandshake.com/jobs/10042347/share_preview,2025-07-28 04:38:15.027860+00:00
Job,,Alliance Technical Group - Stack Testing,Entry-Level Environmental Field Scientist,,07/31/2025,"Tue, 10 Sep 2024 20:21:45 +0000",['Unknown'],https://syr.joinhandshake.com/jobs/9286884/share_preview,2025-07-28 04:38:15.028141+00:00
Job,,"BAE Systems, Inc.",Configuration Management Analyst I,,07/31/2025,"Thu, 24 Jul 2025 16:33:18 +0000",['Unknown'],https://syr.joinhandshake.com/jobs/10082377/share_preview,2025-07-28 04:38:15.028284+00:00
Job,,F.H. Paschen,College Career Fair Applicants,,07/31/2025,"Wed, 4 Dec 2024 16:53:53 +0000",['Unknown'],https://syr.joinhandshake.com/jobs/9500955/share_preview,2025-07-28 04:38:15.028335+00:00
Job,,Oklahoma Department of Environmental Quality,Environmental Programs Specialist,,07/31/2025,"Mon, 21 Jul 2025 12:59:04 +0000",['Unknown'],https://syr.joinhandshake.com/jobs/10070591/share_preview,2025-07-28 04:38:15.028598+00:00
Job,,Illinois Department of Innovation and Technology,Information Accessibility Program Manager,,07/31/2025,"Fri, 18 Jul 2025 18:06:40 +0000","['WS, NV', 'Hybrid']",https://syr.joinhandshake.com/jobs/10068539/share_preview,2025-07-28 04:38:15.034168+00:00
Job,,"Fast Enterprises, LLC",Implementation Consultant,,07/31/2025,"Tue, 25 Feb 2025 22:38:30 +0000",['Unknown'],https://syr.joinhandshake.com/jobs/9716218/share_preview,2025-07-28 04:38:15.034391+00:00
Job,,Crane Engineering,Director of Information Technology,,07/31/2025,"Wed, 30 Apr 2025 15:33:13 +0000",['Unknown'],https://syr.joinhandshake.com/jobs/9896756/share_preview,2025-07-28 04:38:15.034629+00:00
Job,,Parker Hannifin Corporation - Fluid Connectors Group,Hose & Tubing Extrusion Machine Operator - 2nd Shift,,07/31/2025,"Thu, 26 Jun 2025 18:20:41 +0000",['Unknown'],https://syr.joinhandshake.com/jobs/10021870/share_preview,2025-07-28 04:38:15.039081+00:00
Job,,Missouri Dept of Conservation,Land Survey Coordinator,,07/31/2025,"Wed, 11 Jun 2025 14:11:45 +0000",['Unknown'],https://syr.joinhandshake.com/jobs/9988921/share_preview,2025-07-28 04:38:15.039209+00:00
Job,,Illinois Department of Innovation and Technology,SQL Database Administrator,,07/31/2025,"Fri, 18 Jul 2025 18:17:41 +0000",['Hybrid'],https://syr.joinhandshake.com/jobs/10068591/share_preview,2025-07-28 04:38:15.043960+00:00
Job,,U.S. Navy,Bachelors Degree Completion Plan (Pay & Benefits while finishing you undergrad),,07/31/2025,"Mon, 14 Apr 2025 15:16:32 +0000",['Unknown'],https://syr.joinhandshake.com/jobs/9852661/share_preview,2025-07-28 04:38:15.044057+00:00
Job,,Burns & McDonnell,Assistant Electrical Engineer,,07/31/2025,"Mon, 9 Sep 2024 20:34:09 +0000",['Unknown'],https://syr.joinhandshake.com/jobs/9281799/share_preview,2025-07-28 04:38:15.044164+00:00
Job,,Advanced Energy,Electrical Engineer,,07/31/2025,"Fri, 31 Jan 2025 23:16:50 +0000","['Wilmington, MA']",https://syr.joinhandshake.com/jobs/9644429/share_preview,2025-07-28 04:38:15.046866+00:00
Job,,Lam Research Corporation,Mechanical Engineer,,07/31/2025,"Tue, 17 Jun 2025 21:41:56 +0000",['Hybrid'],https://syr.joinhandshake.com/jobs/10004095/share_preview,2025-07-28 04:38:15.047166+00:00
Job,,KPFF Consulting Engineers,Entry-Level Structural Engineer,,07/31/2025,"Fri, 31 Jan 2025 19:14:46 +0000",['Unknown'],https://syr.joinhandshake.com/jobs/9642854/share_preview,2025-07-28 04:38:15.047394+00:00
Job,,Trade Terminal Inc.,Frontend EngineerFlutter,,07/31/2025,"Mon, 16 Jun 2025 22:51:39 +0000",['Unknown'],https://syr.joinhandshake.com/jobs/9999571/share_preview,2025-07-28 04:38:15.047486+00:00
Job,,Kaygen Inc,Software Developer,,07/31/2025,"Wed, 18 Jun 2025 19:16:40 +0000",['Remote'],https://syr.joinhandshake.com/jobs/10006477/share_preview,2025-07-28 04:38:15.047578+00:00
Job,,Northrop Grumman Corporation - Space Systems Group,Associate Electronics Engineer / Electronics Engineer (Active Clearance),,07/31/2025,"Fri, 30 May 2025 21:24:29 +0000",['Unknown'],https://syr.joinhandshake.com/jobs/9966332/share_preview,2025-07-28 04:38:15.047695+00:00
Job,,City of Tucson,Applications Integrator Analyst,,07/31/2025,"Fri, 31 Jan 2025 23:52:46 +0000",['Unknown'],https://syr.joinhandshake.com/jobs/9644541/share_preview,2025-07-28 04:38:15.048036+00:00
Job,,Missouri Department of Transportation,Engineering Positions,,07/31/2025,"Wed, 4 Jun 2025 19:04:16 +0000",['Unknown'],https://syr.joinhandshake.com/jobs/9975370/share_preview,2025-07-28 04:38:15.048246+00:00
Job,,Bay Area Air Quality Management District,Air Quality Engineer I/II,,08/01/2025,"Wed, 2 Jul 2025 16:20:47 +0000",['Unknown'],https://syr.joinhandshake.com/jobs/10033163/share_preview,2025-07-28 04:38:15.048297+00:00
Job,,County of Los Angeles,Geographic Information Systems (GIS) Technician I,,08/01/2025,"Wed, 23 Jul 2025 17:09:11 +0000",['Unknown'],https://syr.joinhandshake.com/jobs/10079253/share_preview,2025-07-28 04:38:15.048452+00:00
Job,,Pasco County BOCC,Construction Inspector - Development Specialist,,08/01/2025,"Fri, 18 Jul 2025 18:18:54 +0000",['Unknown'],https://syr.joinhandshake.com/jobs/10068596/share_preview,2025-07-28 04:38:15.050858+00:00
Job,,City Year,School Day Learning Coach (25 hours/week),,08/01/2025,"Mon, 5 May 2025 16:55:19 +0000",['Unknown'],https://syr.joinhandshake.com/jobs/9907064/share_preview,2025-07-28 04:38:15.051023+00:00
Job,,BHE GT&amp;S,Compressor Station Operator 24hr.,,08/01/2025,"Mon, 30 Jun 2025 18:24:49 +0000",['Unknown'],https://syr.joinhandshake.com/jobs/10027275/share_preview,2025-07-28 04:38:15.051284+00:00
Job,,WalletHub,Marketing Manager,,08/01/2025,"Fri, 18 Jul 2025 15:20:31 +0000",['Unknown'],https://syr.joinhandshake.com/jobs/10067859/share_preview,2025-07-28 04:38:15.051477+00:00
Job,,"Sage Analysis Group, Inc.",Management Consultant - Consultant,,08/01/2025,"Tue, 4 Feb 2025 16:59:35 +0000",['Hybrid'],https://syr.joinhandshake.com/jobs/9651762/share_preview,2025-07-28 04:38:15.051652+00:00
Job,,"Sage Analysis Group, Inc.",Management Consultant - Analyst,,08/01/2025,"Tue, 4 Feb 2025 16:46:02 +0000",['Hybrid'],https://syr.joinhandshake.com/jobs/9651651/share_preview,2025-07-28 04:38:15.051816+00:00
Job,,Pasco County BOCC,Engineer I-III,,08/01/2025,"Fri, 10 Jan 2025 21:07:41 +0000",['Unknown'],https://syr.joinhandshake.com/jobs/9578982/share_preview,2025-07-28 04:38:15.057343+00:00
Job,,City Year,Afterschool Enrichment Coach (25 hours/week),,08/01/2025,"Mon, 5 May 2025 16:54:06 +0000",['Unknown'],https://syr.joinhandshake.com/jobs/9907053/share_preview,2025-07-28 04:38:15.057516+00:00
Job,,City Year,School Day Learning Coach (35-40 hours/week),,08/01/2025,"Mon, 5 May 2025 16:56:43 +0000",['Unknown'],https://syr.joinhandshake.com/jobs/9907074/share_preview,2025-07-28 04:38:15.057703+00:00
Job,,"Sage Analysis Group, Inc.",Management Consultant - Consultant Analyst,,08/01/2025,"Tue, 4 Feb 2025 16:53:21 +0000",['Hybrid'],https://syr.joinhandshake.com/jobs/9651712/share_preview,2025-07-28 04:38:15.057915+00:00
Job,,City Year,"Student Success Coach and Mentor, AmeriCorps Member (2025-2026 term)",,08/01/2025,"Mon, 5 May 2025 16:55:52 +0000",['Unknown'],https://syr.joinhandshake.com/jobs/9907078/share_preview,2025-07-28 04:38:15.058148+00:00
Job,,Pasco County BOCC,Transportation Planner I,,08/01/2025,"Fri, 18 Jul 2025 15:36:19 +0000",['Unknown'],https://syr.joinhandshake.com/jobs/10067929/share_preview,2025-07-28 04:38:15.060807+00:00
Job,,WalletHub,Business Manager,,08/01/2025,"Fri, 18 Jul 2025 15:18:31 +0000",['Unknown'],https://syr.joinhandshake.com/jobs/10067846/share_preview,2025-07-28 04:38:15.061001+00:00
Job,,Pasco County BOCC,Project Manager - Road Rehabilitation,,08/01/2025,"Fri, 18 Jul 2025 17:00:16 +0000",['Remote'],https://syr.joinhandshake.com/jobs/10068264/share_preview,2025-07-28 04:38:15.063493+00:00
Job,,"Hanwha Qcells USA, Inc. - Hanwha Q CELLS America, Inc.",IT (DP) MES Engineer,,08/01/2025,"Mon, 30 Jun 2025 19:22:35 +0000","['Dalton, GA']",https://syr.joinhandshake.com/jobs/10027569/share_preview,2025-07-28 04:38:15.065274+00:00
Job,,"Hanwha Qcells USA, Inc. - Hanwha Q CELLS America, Inc.",Planning Specialist,,08/01/2025,"Mon, 30 Jun 2025 19:12:34 +0000","['Dalton, GA']",https://syr.joinhandshake.com/jobs/10027516/share_preview,2025-07-28 04:38:15.067755+00:00
Job,,Nebraska Public Power District,Engineer I - V (Mechanical),,08/01/2025,"Tue, 1 Jul 2025 17:47:20 +0000",['Unknown'],https://syr.joinhandshake.com/jobs/10030380/share_preview,2025-07-28 04:38:15.068137+00:00
Job,,Burns & McDonnell,Assistant Mechanical Engineer,,08/01/2025,"Thu, 5 Sep 2024 20:58:41 +0000",['Unknown'],https://syr.joinhandshake.com/jobs/9271844/share_preview,2025-07-28 04:38:15.068265+00:00
Job,,Nebraska Public Power District,Engineer I - V (Electrical or Mechanical),,08/01/2025,"Thu, 10 Jul 2025 19:18:39 +0000",['Unknown'],https://syr.joinhandshake.com/jobs/10049604/share_preview,2025-07-28 04:38:15.068449+00:00
Job,,Burns & McDonnell - Aviation & Federal,Assistant Mechanical Engineer (DOE) - Aviation & Federal (Kansas City),,08/01/2025,"Fri, 2 May 2025 20:22:27 +0000",['Unknown'],https://syr.joinhandshake.com/jobs/9904853/share_preview,2025-07-28 04:38:15.068580+00:00
Job,,Nebraska Public Power District,Engineer I - V (Electrical),,08/01/2025,"Thu, 10 Jul 2025 19:16:01 +0000",['Unknown'],https://syr.joinhandshake.com/jobs/10049598/share_preview,2025-07-28 04:38:15.068741+00:00
Job,,"Burns & McDonnell - Oil, Gas & Chemical","Assistant Fire Protection Engineer - Oil, Gas & Chemical (Kansas City)",,08/01/2025,"Tue, 18 Mar 2025 15:57:06 +0000",['Unknown'],https://syr.joinhandshake.com/jobs/9777421/share_preview,2025-07-28 04:38:15.068879+00:00
